视频标题,UP主,播放量,点赞数,投币数,收藏数,评论数,发布时间
《原神》3.5版本前瞻特别节目,原神,2456789,156782,89234,76543,12456,2024-11-15
【半佛仙人】为什么年轻人不爱存钱了,半佛仙人,1876543,98765,54321,43210,8765,2024-11-14
【老番茄】我在MC里建造了整个北京城,老番茄,3421098,187654,123456,98765,15678,2024-11-13
【罗翔说刑法】法律如何保护你的钱包,罗翔说刑法,2187654,134567,87654,65432,11234,2024-11-12
【何同学】我做了一个智能眼镜,何同学,4567891,298765,187654,145678,23456,2024-11-11
【李永乐老师】为什么ChatGPT这么聪明,李永乐老师,1765432,87654,56789,43210,9876,2024-11-10
【影视飓风】8K相机拍摄故宫之美,影视飓风,987654,54321,34567,27654,5432,2024-11-09
【芳斯塔芙】今天教大家做糖醋排骨,芳斯塔芙,876543,43210,23456,18765,4321,2024-11-08
【华农兄弟】竹鼠生病了需要烤一下,华农兄弟,1456789,76543,45678,34567,7654,2024-11-07
【敬汉卿】挑战24小时不睡觉,敬汉卿,2345678,123456,78901,56789,10234,2024-11-06
【蜡笔和小勋】童年游戏你还记得吗,蜡笔和小勋,765432,38765,21098,16543,4567,2024-11-05
【毕导】用物理学告诉你如何炒菜,毕导,1987654,98765,65432,48765,9876,2024-11-04
【冷门科普】为什么南极没有北极熊,冷门科普,654321,32109,18765,14321,3456,2024-11-03
【科技美学】iPhone 15 Pro深度评测,科技美学,2876543,145678,89012,67890,12345,2024-11-02
【小艾大叔】北京深夜美食探店,小艾大叔,987654,54321,32109,23456,6789,2024-11-01
【Lexburner】吐槽最新动漫番剧,Lexburner,1234567,67890,43210,32109,8901,2024-10-31
【徐云流浪中国】骑行川藏线Day30,徐云流浪中国,1543210,78901,49876,36543,7890,2024-10-30
【美食作家王刚】正宗宫保鸡丁的做法,美食作家王刚,3210987,165432,98765,76543,14567,2024-10-29
【雷探长】探秘埃及金字塔,雷探长,2109876,109876,67890,51234,10987,2024-10-28
【硬核的半佛】揭秘电商直播套路,硬核的半佛,1876543,94321,58765,43210,9012,2024-10-27
【波士顿圆脸】留学生的一天,波士顿圆脸,876543,43210,26789,18765,4567,2024-10-26
【大谷的游戏小屋】恐怖游戏实况,大谷的游戏小屋,765432,38765,21098,15432,3890,2024-10-25
【咬人猫】新宅舞翻跳合集,咬人猫,2345678,123456,76543,54321,10234,2024-10-24
【泛式】苹果发布会熬夜看值吗,泛式,1234567,65432,40987,29876,7654,2024-10-23
【Vlog小姐姐】上海咖啡店探店,Vlog小姐姐,654321,32109,18765,13456,3210,2024-10-22
【历史调研室】大明王朝为何灭亡,历史调研室,1098765,56789,34567,25678,6543,2024-10-21
【机智的党妹】沙雕游戏大合集,机智的党妹,1987654,98765,60987,45678,11234,2024-10-20
【Topys】设计师如何做出好作品,Topys,543210,27654,16543,12345,2987,2024-10-19
【狂阿弥】王者荣耀新赛季上分攻略,狂阿弥,1765432,87654,54321,38765,9876,2024-10-18
【Papi酱】吐槽当代年轻人,Papi酱,2876543,143210,87654,64321,13456,2024-10-17
【央视新闻】神舟十七号发射成功,央视新闻,5432109,276543,165432,123456,27654,2024-10-16
【人民日报】走进中国航天城,人民日报,3210987,165432,98765,72109,16789,2024-10-15
【科普中国】量子计算机是什么,科普中国,1543210,76543,45678,32109,8765,2024-10-14
【果壳】为什么猫总是高冷,果壳,876543,43210,25678,17890,4567,2024-10-13
【回形针PaperClip】空调的工作原理,回形针PaperClip,1987654,98765,58901,42345,10234,2024-10-12
【巫师财经】经济学看双十一,巫师财经,2109876,105432,64321,47890,11567,2024-10-11
【大象放映室】影评盘点2024年度佳片,大象放映室,1234567,61728,37890,26543,7234,2024-10-10
【木鱼水心】深度解析《三体》,木鱼水心,2876543,143210,89012,65432,14567,2024-10-09
【柴知道】特斯拉Model 3试驾体验,柴知道,1456789,72890,44567,31234,8901,2024-10-08
【黑脸V】电影中的物理学,黑脸V,987654,49321,28765,19876,5432,2024-10-07
【Oeasy】教你零基础学编程,Oeasy,1765432,88210,52345,37654,9234,2024-10-06
【中国国家地理】航拍中国最美风景,中国国家地理,3456789,172345,103456,76543,17890,2024-10-05
【李子柒】古法制作桂花蜜,李子柒,4567890,227654,136789,98765,21234,2024-10-04
【滇西小哥】云南菌子火锅,滇西小哥,2345678,117234,69876,49321,12345,2024-10-03
【所长林超】博物馆里的中国,所长林超,1543210,76543,45678,32109,8765,2024-10-02
【动画疯】国产动画崛起之路,动画疯,876543,43210,25678,17890,4890,2024-10-01
【数码吐槽君】手机行业现状分析,数码吐槽君,1456789,72345,43210,29876,7654,2024-09-30
【鬼畜区】当代大学生图鉴,鬼畜区UP主,1234567,98765,61234,43210,13456,2024-09-29
【美妆博主】秋冬妆容教程,美妆博主小A,765432,38210,22345,15678,4321,2024-09-28
【健身教练】7天瘦10斤挑战,健身教练Mike,1098765,54321,32109,23456,6789,2024-09-27
