订单编号,日期,时间,商品名称,规格,单价,数量,总金额,支付方式,客户类型
ORD10001,2024-10-01,06:47,红豆奶茶,大杯,17,1,17,支付宝,散客
ORD10002,2024-10-01,20:05,乌龙茶,中杯,11,1,11,微信,会员
ORD10003,2024-10-01,14:35,水果茶,中杯,19,1,19,微信,散客
ORD10004,2024-10-01,00:51,布丁奶茶,小杯,16,1,16,微信,会员
ORD10005,2024-10-01,18:06,柠檬茶,中杯,13,1,13,支付宝,散客
ORD10006,2024-10-01,19:46,焦糖奶茶,小杯,15,1,15,支付宝,会员
ORD10007,2024-10-01,10:40,乌龙茶,中杯,11,1,11,支付宝,会员
ORD10008,2024-10-01,09:18,柠檬茶,大杯,15,2,30,微信,散客
ORD10009,2024-10-01,19:10,抹茶拿铁,中杯,18,1,18,微信,散客
ORD10010,2024-10-01,15:38,布丁奶茶,小杯,16,1,16,微信,会员
ORD10011,2024-10-01,23:40,茉莉绿茶,大杯,13,1,13,支付宝,散客
ORD10012,2024-10-01,09:02,抹茶拿铁,中杯,18,1,18,微信,散客
ORD10013,2024-10-01,19:20,水果茶,中杯,19,1,19,支付宝,散客
ORD10014,2024-10-01,09:15,茉莉绿茶,中杯,11,1,11,微信,散客
ORD10015,2024-10-01,11:08,茉莉绿茶,中杯,11,1,11,微信,会员
ORD10016,2024-10-01,15:50,芋圆奶茶,大杯,19,1,19,微信,散客
ORD10017,2024-10-01,09:35,珍珠奶茶,小杯,15,1,15,支付宝,散客
ORD10018,2024-10-01,09:41,抹茶拿铁,大杯,20,1,20,微信,会员
ORD10019,2024-10-01,17:46,红豆奶茶,小杯,14,1,14,微信,会员
ORD10020,2024-10-01,15:53,茉莉绿茶,大杯,13,1,13,支付宝,散客
ORD10021,2024-10-01,18:33,珍珠奶茶,小杯,15,1,15,微信,散客
ORD10022,2024-10-01,19:53,红豆奶茶,大杯,17,1,17,支付宝,散客
ORD10023,2024-10-01,05:31,柠檬茶,大杯,15,1,15,微信,散客
ORD10024,2024-10-01,09:55,乌龙茶,中杯,11,2,22,支付宝,散客
ORD10025,2024-10-01,16:45,红豆奶茶,中杯,15,3,45,支付宝,散客
ORD10026,2024-10-01,13:07,水果茶,大杯,21,1,21,微信,散客
ORD10027,2024-10-01,14:00,柠檬茶,大杯,15,1,15,支付宝,散客
ORD10028,2024-10-01,04:15,红豆奶茶,小杯,14,1,14,微信,散客
ORD10029,2024-10-01,19:36,焦糖奶茶,大杯,18,1,18,支付宝,会员
ORD10030,2024-10-01,05:27,抹茶拿铁,中杯,18,1,18,支付宝,会员
ORD10031,2024-10-01,15:41,柠檬茶,大杯,15,1,15,微信,散客
ORD10032,2024-10-01,09:12,茉莉绿茶,中杯,11,1,11,微信,散客
ORD10033,2024-10-01,19:04,焦糖奶茶,小杯,15,1,15,支付宝,散客
ORD10034,2024-10-01,00:05,水果茶,大杯,21,1,21,微信,散客
ORD10035,2024-10-01,20:10,芋圆奶茶,大杯,19,3,57,微信,散客
ORD10036,2024-10-01,13:27,茉莉绿茶,中杯,11,1,11,微信,散客
ORD10037,2024-10-01,14:34,珍珠奶茶,小杯,15,1,15,微信,散客
ORD10038,2024-10-01,20:33,布丁奶茶,大杯,19,2,38,微信,会员
ORD10039,2024-10-01,14:43,水果茶,中杯,19,1,19,支付宝,会员
ORD10040,2024-10-01,14:39,柠檬茶,中杯,13,1,13,微信,会员
ORD10041,2024-10-02,09:45,抹茶拿铁,大杯,20,1,20,微信,散客
ORD10042,2024-10-02,13:59,柠檬茶,大杯,15,1,15,现金,散客
ORD10043,2024-10-02,04:13,茉莉绿茶,中杯,11,1,11,微信,会员
ORD10044,2024-10-02,09:18,布丁奶茶,中杯,17,1,17,支付宝,散客
ORD10045,2024-10-02,23:41,茉莉绿茶,大杯,13,1,13,微信,散客
ORD10046,2024-10-02,06:56,布丁奶茶,中杯,17,1,17,微信,散客
ORD10047,2024-10-02,09:38,水果茶,中杯,19,1,19,支付宝,会员
ORD10048,2024-10-02,13:57,珍珠奶茶,大杯,18,1,18,支付宝,会员
ORD10049,2024-10-02,10:08,红豆奶茶,大杯,17,1,17,微信,散客
ORD10050,2024-10-02,00:04,布丁奶茶,小杯,16,1,16,微信,散客
ORD10051,2024-10-02,12:02,红豆奶茶,中杯,15,2,30,支付宝,散客
ORD10052,2024-10-02,20:13,水果茶,大杯,21,1,21,微信,散客
ORD10053,2024-10-02,22:47,布丁奶茶,大杯,19,2,38,现金,散客
ORD10054,2024-10-02,19:01,布丁奶茶,小杯,16,2,32,支付宝,散客
ORD10055,2024-10-02,15:47,水果茶,中杯,19,1,19,支付宝,会员
ORD10056,2024-10-02,02:30,水果茶,大杯,21,1,21,微信,会员
ORD10057,2024-10-02,18:14,水果茶,大杯,21,1,21,微信,会员
ORD10058,2024-10-02,04:49,红豆奶茶,中杯,15,1,15,微信,散客
ORD10059,2024-10-02,14:01,柠檬茶,中杯,13,1,13,现金,会员
ORD10060,2024-10-02,06:27,抹茶拿铁,中杯,18,1,18,现金,会员
ORD10061,2024-10-02,20:12,红豆奶茶,大杯,17,1,17,微信,散客
ORD10062,2024-10-02,14:46,水果茶,中杯,19,1,19,支付宝,散客
ORD10063,2024-10-02,15:42,柠檬茶,中杯,13,1,13,支付宝,会员
ORD10064,2024-10-02,16:35,布丁奶茶,大杯,19,1,19,支付宝,散客
ORD10065,2024-10-02,20:39,乌龙茶,中杯,11,1,11,支付宝,会员
ORD10066,2024-10-02,09:50,乌龙茶,中杯,11,1,11,微信,会员
ORD10067,2024-10-02,13:57,布丁奶茶,小杯,16,1,16,微信,散客
ORD10068,2024-10-02,10:52,水果茶,中杯,19,1,19,微信,会员
ORD10069,2024-10-03,23:39,柠檬茶,中杯,13,1,13,支付宝,会员
ORD10070,2024-10-03,16:31,芋圆奶茶,大杯,19,1,19,支付宝,散客
ORD10071,2024-10-03,19:56,柠檬茶,中杯,13,1,13,支付宝,散客
ORD10072,2024-10-03,13:35,水果茶,大杯,21,1,21,支付宝,散客
ORD10073,2024-10-03,23:38,抹茶拿铁,中杯,18,1,18,支付宝,散客
ORD10074,2024-10-03,19:35,焦糖奶茶,大杯,18,1,18,微信,会员
ORD10075,2024-10-03,09:40,红豆奶茶,小杯,14,1,14,微信,散客
ORD10076,2024-10-03,17:15,红豆奶茶,中杯,15,1,15,微信,会员
ORD10077,2024-10-03,09:44,布丁奶茶,小杯,16,1,16,微信,会员
ORD10078,2024-10-03,13:03,水果茶,中杯,19,1,19,支付宝,散客
ORD10079,2024-10-03,01:56,乌龙茶,中杯,11,1,11,支付宝,会员
ORD10080,2024-10-03,11:57,芋圆奶茶,大杯,19,1,19,微信,散客
ORD10081,2024-10-03,11:42,芋圆奶茶,大杯,19,1,19,支付宝,散客
ORD10082,2024-10-03,14:58,芋圆奶茶,大杯,19,1,19,微信,散客
ORD10083,2024-10-03,08:16,芋圆奶茶,中杯,17,1,17,微信,散客
ORD10084,2024-10-03,11:48,芋圆奶茶,中杯,17,1,17,微信,散客
ORD10085,2024-10-03,03:22,水果茶,大杯,21,1,21,支付宝,散客
ORD10086,2024-10-03,20:12,珍珠奶茶,小杯,15,1,15,微信,散客
ORD10087,2024-10-03,14:13,焦糖奶茶,小杯,15,1,15,微信,散客
ORD10088,2024-10-03,21:45,柠檬茶,大杯,15,2,30,微信,会员
ORD10089,2024-10-03,10:43,芋圆奶茶,中杯,17,2,34,微信,散客
ORD10090,2024-10-03,19:15,柠檬茶,中杯,13,2,26,支付宝,会员
ORD10091,2024-10-03,23:50,珍珠奶茶,中杯,16,1,16,支付宝,会员
ORD10092,2024-10-03,15:00,芋圆奶茶,中杯,17,1,17,现金,散客
ORD10093,2024-10-03,19:45,布丁奶茶,中杯,17,1,17,微信,散客
ORD10094,2024-10-03,15:58,茉莉绿茶,中杯,11,1,11,支付宝,散客
ORD10095,2024-10-03,10:15,柠檬茶,中杯,13,2,26,微信,散客
ORD10096,2024-10-04,15:21,珍珠奶茶,中杯,16,2,32,微信,会员
ORD10097,2024-10-04,18:21,红豆奶茶,小杯,14,1,14,微信,会员
ORD10098,2024-10-04,20:05,水果茶,中杯,19,1,19,支付宝,散客
ORD10099,2024-10-04,15:31,焦糖奶茶,大杯,18,1,18,微信,散客
ORD10100,2024-10-04,10:37,抹茶拿铁,中杯,18,1,18,微信,散客
ORD10101,2024-10-04,14:22,焦糖奶茶,中杯,16,1,16,微信,散客
ORD10102,2024-10-04,10:47,茉莉绿茶,大杯,13,1,13,支付宝,会员
ORD10103,2024-10-04,14:48,茉莉绿茶,中杯,11,3,33,支付宝,会员
ORD10104,2024-10-04,11:19,珍珠奶茶,小杯,15,1,15,微信,散客
ORD10105,2024-10-04,14:44,布丁奶茶,小杯,16,2,32,微信,散客
ORD10106,2024-10-04,14:30,焦糖奶茶,中杯,16,1,16,现金,会员
ORD10107,2024-10-04,19:07,柠檬茶,中杯,13,1,13,微信,散客
ORD10108,2024-10-04,08:51,乌龙茶,中杯,11,1,11,微信,散客
ORD10109,2024-10-04,12:38,乌龙茶,大杯,13,1,13,微信,散客
ORD10110,2024-10-04,10:37,芋圆奶茶,中杯,17,1,17,微信,散客
ORD10111,2024-10-04,06:48,水果茶,大杯,21,1,21,微信,会员
ORD10112,2024-10-04,14:10,珍珠奶茶,中杯,16,1,16,微信,会员
ORD10113,2024-10-04,09:45,红豆奶茶,小杯,14,2,28,微信,会员
ORD10114,2024-10-04,09:50,乌龙茶,大杯,13,1,13,微信,散客
ORD10115,2024-10-04,20:52,布丁奶茶,大杯,19,1,19,支付宝,散客
ORD10116,2024-10-04,19:58,红豆奶茶,中杯,15,1,15,支付宝,散客
ORD10117,2024-10-04,20:32,茉莉绿茶,中杯,11,1,11,微信,散客
ORD10118,2024-10-04,17:38,红豆奶茶,大杯,17,1,17,现金,散客
ORD10119,2024-10-04,14:01,红豆奶茶,小杯,14,1,14,支付宝,散客
ORD10120,2024-10-04,15:58,红豆奶茶,大杯,17,3,51,微信,散客
ORD10121,2024-10-04,22:30,抹茶拿铁,中杯,18,1,18,支付宝,散客
ORD10122,2024-10-04,10:44,焦糖奶茶,中杯,16,1,16,微信,散客
ORD10123,2024-10-04,02:05,抹茶拿铁,中杯,18,1,18,现金,散客
ORD10124,2024-10-04,13:00,茉莉绿茶,中杯,11,1,11,微信,会员
ORD10125,2024-10-04,18:40,焦糖奶茶,大杯,18,1,18,微信,散客
ORD10126,2024-10-04,12:44,焦糖奶茶,大杯,18,1,18,支付宝,散客
ORD10127,2024-10-04,17:19,茉莉绿茶,大杯,13,1,13,微信,散客
ORD10128,2024-10-04,20:29,柠檬茶,大杯,15,1,15,支付宝,散客
ORD10129,2024-10-04,09:53,焦糖奶茶,中杯,16,1,16,微信,会员
ORD10130,2024-10-04,20:32,布丁奶茶,大杯,19,1,19,支付宝,散客
ORD10131,2024-10-04,20:32,红豆奶茶,大杯,17,1,17,微信,散客
ORD10132,2024-10-04,23:31,布丁奶茶,中杯,17,1,17,微信,散客
ORD10133,2024-10-04,14:29,抹茶拿铁,大杯,20,3,60,微信,会员
ORD10134,2024-10-04,19:26,珍珠奶茶,中杯,16,1,16,支付宝,散客
ORD10135,2024-10-05,23:50,布丁奶茶,中杯,17,2,34,微信,散客
ORD10136,2024-10-05,10:06,焦糖奶茶,大杯,18,1,18,微信,散客
ORD10137,2024-10-05,12:41,布丁奶茶,大杯,19,1,19,现金,会员
ORD10138,2024-10-05,16:41,柠檬茶,中杯,13,2,26,支付宝,会员
ORD10139,2024-10-05,10:45,焦糖奶茶,小杯,15,1,15,微信,散客
ORD10140,2024-10-05,20:14,柠檬茶,中杯,13,3,39,支付宝,散客
ORD10141,2024-10-05,06:10,红豆奶茶,大杯,17,1,17,支付宝,会员
ORD10142,2024-10-05,11:09,水果茶,中杯,19,1,19,支付宝,会员
ORD10143,2024-10-05,04:55,芋圆奶茶,大杯,19,1,19,微信,会员
ORD10144,2024-10-05,15:29,红豆奶茶,小杯,14,1,14,支付宝,散客
ORD10145,2024-10-05,16:10,柠檬茶,中杯,13,2,26,现金,会员
ORD10146,2024-10-05,21:44,红豆奶茶,中杯,15,1,15,微信,会员
ORD10147,2024-10-05,13:15,芋圆奶茶,中杯,17,1,17,现金,会员
ORD10148,2024-10-05,22:42,芋圆奶茶,中杯,17,1,17,支付宝,散客
ORD10149,2024-10-05,22:58,乌龙茶,中杯,11,1,11,支付宝,散客
ORD10150,2024-10-05,09:51,抹茶拿铁,大杯,20,1,20,支付宝,散客
ORD10151,2024-10-05,17:42,布丁奶茶,小杯,16,1,16,支付宝,会员
ORD10152,2024-10-05,18:02,乌龙茶,中杯,11,1,11,微信,会员
ORD10153,2024-10-05,18:11,水果茶,大杯,21,1,21,支付宝,会员
ORD10154,2024-10-05,13:17,布丁奶茶,中杯,17,2,34,支付宝,散客
ORD10155,2024-10-05,10:55,抹茶拿铁,大杯,20,1,20,微信,散客
ORD10156,2024-10-05,09:43,芋圆奶茶,中杯,17,1,17,微信,会员
ORD10157,2024-10-05,07:23,红豆奶茶,小杯,14,1,14,支付宝,会员
ORD10158,2024-10-05,16:30,珍珠奶茶,小杯,15,2,30,微信,散客
ORD10159,2024-10-05,09:04,焦糖奶茶,小杯,15,1,15,微信,会员
ORD10160,2024-10-05,20:19,焦糖奶茶,大杯,18,1,18,支付宝,会员
ORD10161,2024-10-05,13:42,茉莉绿茶,中杯,11,1,11,支付宝,散客
ORD10162,2024-10-05,15:53,焦糖奶茶,小杯,15,1,15,现金,会员
ORD10163,2024-10-05,11:28,焦糖奶茶,大杯,18,2,36,微信,散客
ORD10164,2024-10-05,14:41,抹茶拿铁,大杯,20,1,20,微信,会员
ORD10165,2024-10-05,19:29,柠檬茶,大杯,15,1,15,微信,会员
ORD10166,2024-10-05,18:15,布丁奶茶,小杯,16,1,16,支付宝,散客
ORD10167,2024-10-05,14:52,水果茶,中杯,19,1,19,支付宝,散客
ORD10168,2024-10-05,09:09,布丁奶茶,小杯,16,1,16,微信,散客
ORD10169,2024-10-05,01:00,抹茶拿铁,大杯,20,1,20,微信,会员
ORD10170,2024-10-05,07:26,茉莉绿茶,大杯,13,1,13,微信,散客
ORD10171,2024-10-05,13:06,焦糖奶茶,小杯,15,1,15,支付宝,散客
ORD10172,2024-10-05,20:42,茉莉绿茶,中杯,11,1,11,现金,会员
ORD10173,2024-10-05,13:25,芋圆奶茶,大杯,19,1,19,支付宝,会员
ORD10174,2024-10-05,04:38,布丁奶茶,大杯,19,1,19,支付宝,散客
ORD10175,2024-10-05,17:24,乌龙茶,中杯,11,1,11,支付宝,会员
ORD10176,2024-10-05,16:54,茉莉绿茶,大杯,13,1,13,支付宝,散客
ORD10177,2024-10-05,19:25,芋圆奶茶,大杯,19,1,19,微信,会员
ORD10178,2024-10-05,21:43,焦糖奶茶,大杯,18,1,18,微信,散客
ORD10179,2024-10-05,18:23,布丁奶茶,小杯,16,1,16,现金,散客
ORD10180,2024-10-05,15:26,抹茶拿铁,中杯,18,2,36,支付宝,散客
ORD10181,2024-10-05,14:22,柠檬茶,大杯,15,1,15,微信,散客
ORD10182,2024-10-06,19:23,柠檬茶,中杯,13,1,13,支付宝,散客
ORD10183,2024-10-06,22:52,乌龙茶,大杯,13,1,13,支付宝,散客
ORD10184,2024-10-06,01:17,红豆奶茶,中杯,15,1,15,微信,会员
ORD10185,2024-10-06,15:04,布丁奶茶,小杯,16,1,16,微信,散客
ORD10186,2024-10-06,09:26,焦糖奶茶,中杯,16,1,16,微信,会员
ORD10187,2024-10-06,20:38,柠檬茶,大杯,15,1,15,支付宝,会员
ORD10188,2024-10-06,04:28,芋圆奶茶,中杯,17,1,17,微信,会员
ORD10189,2024-10-06,13:22,芋圆奶茶,大杯,19,1,19,支付宝,散客
ORD10190,2024-10-06,15:02,水果茶,中杯,19,3,57,微信,会员
ORD10191,2024-10-06,20:49,布丁奶茶,中杯,17,1,17,微信,散客
ORD10192,2024-10-06,12:08,芋圆奶茶,大杯,19,1,19,支付宝,散客
ORD10193,2024-10-06,04:55,珍珠奶茶,中杯,16,1,16,支付宝,散客
ORD10194,2024-10-06,14:36,芋圆奶茶,中杯,17,1,17,微信,散客
ORD10195,2024-10-06,08:39,焦糖奶茶,小杯,15,2,30,微信,散客
ORD10196,2024-10-06,09:37,芋圆奶茶,大杯,19,1,19,微信,会员
ORD10197,2024-10-06,10:10,柠檬茶,大杯,15,1,15,微信,散客
ORD10198,2024-10-06,11:52,布丁奶茶,大杯,19,1,19,微信,会员
ORD10199,2024-10-06,08:48,柠檬茶,大杯,15,2,30,支付宝,散客
ORD10200,2024-10-06,14:37,焦糖奶茶,小杯,15,2,30,微信,散客
ORD10201,2024-10-06,15:55,抹茶拿铁,大杯,20,1,20,微信,散客
ORD10202,2024-10-06,18:37,珍珠奶茶,中杯,16,1,16,微信,散客
ORD10203,2024-10-06,03:53,红豆奶茶,大杯,17,1,17,现金,会员
ORD10204,2024-10-06,14:24,焦糖奶茶,小杯,15,1,15,支付宝,散客
ORD10205,2024-10-06,13:51,乌龙茶,大杯,13,1,13,微信,会员
ORD10206,2024-10-06,03:06,抹茶拿铁,大杯,20,1,20,微信,会员
ORD10207,2024-10-06,12:28,茉莉绿茶,大杯,13,1,13,支付宝,会员
ORD10208,2024-10-06,18:43,乌龙茶,大杯,13,1,13,支付宝,会员
ORD10209,2024-10-06,05:43,芋圆奶茶,中杯,17,1,17,支付宝,散客
ORD10210,2024-10-06,14:09,抹茶拿铁,大杯,20,1,20,微信,会员
ORD10211,2024-10-06,22:44,芋圆奶茶,大杯,19,1,19,支付宝,会员
ORD10212,2024-10-06,11:50,抹茶拿铁,大杯,20,1,20,支付宝,散客
ORD10213,2024-10-06,16:33,柠檬茶,中杯,13,1,13,微信,会员
ORD10214,2024-10-06,21:21,焦糖奶茶,大杯,18,1,18,微信,会员
ORD10215,2024-10-06,19:06,茉莉绿茶,大杯,13,1,13,支付宝,散客
ORD10216,2024-10-06,14:09,布丁奶茶,大杯,19,1,19,支付宝,散客
ORD10217,2024-10-06,08:28,珍珠奶茶,中杯,16,1,16,支付宝,散客
ORD10218,2024-10-06,15:48,焦糖奶茶,大杯,18,1,18,微信,散客
ORD10219,2024-10-06,13:53,水果茶,中杯,19,1,19,微信,散客
ORD10220,2024-10-06,18:49,芋圆奶茶,中杯,17,2,34,支付宝,散客
ORD10221,2024-10-06,08:16,珍珠奶茶,小杯,15,1,15,微信,散客
ORD10222,2024-10-06,17:33,柠檬茶,中杯,13,1,13,微信,散客
ORD10223,2024-10-06,13:53,芋圆奶茶,大杯,19,2,38,微信,散客
ORD10224,2024-10-06,11:01,芋圆奶茶,大杯,19,1,19,微信,会员
ORD10225,2024-10-06,04:14,珍珠奶茶,中杯,16,2,32,支付宝,散客
ORD10226,2024-10-06,18:08,珍珠奶茶,中杯,16,2,32,微信,散客
ORD10227,2024-10-06,18:30,焦糖奶茶,小杯,15,1,15,微信,会员
ORD10228,2024-10-07,14:46,乌龙茶,中杯,11,1,11,微信,会员
ORD10229,2024-10-07,02:26,乌龙茶,中杯,11,1,11,支付宝,散客
ORD10230,2024-10-07,14:40,茉莉绿茶,大杯,13,1,13,微信,会员
ORD10231,2024-10-07,11:36,芋圆奶茶,大杯,19,1,19,微信,散客
ORD10232,2024-10-07,04:33,茉莉绿茶,大杯,13,1,13,微信,散客
ORD10233,2024-10-07,22:16,珍珠奶茶,中杯,16,1,16,微信,散客
ORD10234,2024-10-07,15:49,乌龙茶,中杯,11,1,11,微信,会员
ORD10235,2024-10-07,15:53,焦糖奶茶,小杯,15,1,15,微信,会员
ORD10236,2024-10-07,17:29,珍珠奶茶,中杯,16,1,16,支付宝,散客
ORD10237,2024-10-07,10:19,茉莉绿茶,中杯,11,3,33,微信,会员
ORD10238,2024-10-07,18:12,红豆奶茶,中杯,15,2,30,微信,散客
ORD10239,2024-10-07,09:51,抹茶拿铁,中杯,18,2,36,支付宝,散客
ORD10240,2024-10-07,11:11,焦糖奶茶,小杯,15,1,15,支付宝,散客
ORD10241,2024-10-07,18:46,芋圆奶茶,大杯,19,1,19,现金,会员
ORD10242,2024-10-07,10:06,柠檬茶,中杯,13,1,13,微信,散客
ORD10243,2024-10-07,12:44,焦糖奶茶,中杯,16,1,16,支付宝,散客
ORD10244,2024-10-07,15:27,红豆奶茶,小杯,14,3,42,支付宝,会员
ORD10245,2024-10-07,15:23,茉莉绿茶,大杯,13,2,26,微信,散客
ORD10246,2024-10-07,18:02,布丁奶茶,大杯,19,1,19,支付宝,会员
ORD10247,2024-10-07,20:02,乌龙茶,大杯,13,1,13,支付宝,会员
ORD10248,2024-10-07,18:36,布丁奶茶,小杯,16,1,16,微信,会员
ORD10249,2024-10-07,21:01,布丁奶茶,中杯,17,1,17,支付宝,会员
ORD10250,2024-10-07,18:45,焦糖奶茶,大杯,18,3,54,微信,散客
ORD10251,2024-10-07,13:07,布丁奶茶,大杯,19,1,19,支付宝,散客
ORD10252,2024-10-08,19:54,抹茶拿铁,中杯,18,1,18,微信,会员
ORD10253,2024-10-08,10:10,布丁奶茶,中杯,17,1,17,微信,会员
ORD10254,2024-10-08,08:50,焦糖奶茶,大杯,18,1,18,微信,散客
ORD10255,2024-10-08,22:08,乌龙茶,大杯,13,1,13,微信,散客
ORD10256,2024-10-08,13:26,芋圆奶茶,大杯,19,1,19,微信,会员
ORD10257,2024-10-08,13:33,抹茶拿铁,大杯,20,2,40,支付宝,散客
ORD10258,2024-10-08,08:08,芋圆奶茶,大杯,19,1,19,微信,会员
ORD10259,2024-10-08,08:59,水果茶,中杯,19,2,38,微信,会员
ORD10260,2024-10-08,04:12,茉莉绿茶,中杯,11,1,11,微信,散客
ORD10261,2024-10-08,13:10,乌龙茶,大杯,13,1,13,支付宝,散客
ORD10262,2024-10-08,10:59,乌龙茶,大杯,13,1,13,微信,会员
ORD10263,2024-10-08,15:36,红豆奶茶,小杯,14,1,14,微信,散客
ORD10264,2024-10-08,01:56,茉莉绿茶,中杯,11,1,11,微信,会员
ORD10265,2024-10-08,19:25,红豆奶茶,中杯,15,1,15,微信,散客
ORD10266,2024-10-08,13:13,抹茶拿铁,大杯,20,1,20,支付宝,散客
ORD10267,2024-10-08,19:25,布丁奶茶,中杯,17,1,17,微信,会员
ORD10268,2024-10-08,07:28,水果茶,大杯,21,1,21,微信,会员
ORD10269,2024-10-08,15:15,布丁奶茶,中杯,17,2,34,支付宝,会员
ORD10270,2024-10-08,08:32,焦糖奶茶,中杯,16,2,32,微信,会员
ORD10271,2024-10-08,11:29,水果茶,大杯,21,1,21,微信,会员
ORD10272,2024-10-08,14:53,焦糖奶茶,中杯,16,1,16,支付宝,散客
ORD10273,2024-10-08,19:46,抹茶拿铁,中杯,18,1,18,微信,散客
ORD10274,2024-10-09,11:18,柠檬茶,中杯,13,1,13,支付宝,会员
ORD10275,2024-10-09,23:43,乌龙茶,大杯,13,1,13,微信,会员
ORD10276,2024-10-09,23:35,抹茶拿铁,大杯,20,1,20,微信,散客
ORD10277,2024-10-09,02:08,抹茶拿铁,中杯,18,1,18,微信,散客
ORD10278,2024-10-09,08:59,乌龙茶,中杯,11,1,11,现金,散客
ORD10279,2024-10-09,10:21,茉莉绿茶,中杯,11,1,11,微信,散客
ORD10280,2024-10-09,11:43,柠檬茶,中杯,13,1,13,支付宝,散客
ORD10281,2024-10-09,16:01,乌龙茶,中杯,11,1,11,支付宝,散客
ORD10282,2024-10-09,14:14,珍珠奶茶,小杯,15,1,15,微信,散客
ORD10283,2024-10-09,18:24,布丁奶茶,小杯,16,1,16,微信,散客
ORD10284,2024-10-09,08:28,抹茶拿铁,中杯,18,1,18,支付宝,散客
ORD10285,2024-10-09,18:58,焦糖奶茶,小杯,15,1,15,支付宝,散客
ORD10286,2024-10-09,14:42,焦糖奶茶,小杯,15,1,15,现金,散客
ORD10287,2024-10-09,14:34,抹茶拿铁,中杯,18,1,18,微信,会员
ORD10288,2024-10-09,14:14,红豆奶茶,中杯,15,1,15,支付宝,散客
ORD10289,2024-10-09,13:35,红豆奶茶,中杯,15,1,15,支付宝,会员
ORD10290,2024-10-09,22:52,抹茶拿铁,大杯,20,1,20,微信,散客
ORD10291,2024-10-09,11:28,红豆奶茶,小杯,14,1,14,微信,散客
ORD10292,2024-10-09,20:44,红豆奶茶,大杯,17,1,17,支付宝,会员
ORD10293,2024-10-09,03:57,茉莉绿茶,大杯,13,1,13,微信,散客
ORD10294,2024-10-09,17:06,布丁奶茶,大杯,19,2,38,现金,会员
ORD10295,2024-10-09,15:56,焦糖奶茶,中杯,16,1,16,支付宝,会员
ORD10296,2024-10-09,10:03,柠檬茶,大杯,15,1,15,支付宝,散客
ORD10297,2024-10-09,20:11,芋圆奶茶,大杯,19,2,38,微信,散客
ORD10298,2024-10-09,18:11,红豆奶茶,大杯,17,1,17,微信,会员
ORD10299,2024-10-09,22:18,焦糖奶茶,小杯,15,1,15,微信,散客
ORD10300,2024-10-10,13:12,柠檬茶,中杯,13,1,13,微信,会员
ORD10301,2024-10-10,08:47,抹茶拿铁,中杯,18,1,18,支付宝,会员
ORD10302,2024-10-10,19:57,芋圆奶茶,中杯,17,1,17,微信,散客
ORD10303,2024-10-10,08:08,焦糖奶茶,中杯,16,2,32,微信,会员
ORD10304,2024-10-10,13:17,抹茶拿铁,中杯,18,1,18,微信,会员
ORD10305,2024-10-10,11:15,珍珠奶茶,小杯,15,1,15,微信,散客
ORD10306,2024-10-10,13:57,红豆奶茶,小杯,14,1,14,支付宝,会员
ORD10307,2024-10-10,15:14,布丁奶茶,中杯,17,1,17,支付宝,散客
ORD10308,2024-10-10,12:35,焦糖奶茶,小杯,15,1,15,支付宝,散客
ORD10309,2024-10-10,16:38,柠檬茶,中杯,13,1,13,微信,散客
ORD10310,2024-10-10,06:53,茉莉绿茶,大杯,13,1,13,微信,会员
ORD10311,2024-10-10,13:07,水果茶,中杯,19,1,19,微信,散客
ORD10312,2024-10-10,13:32,芋圆奶茶,中杯,17,1,17,微信,散客
ORD10313,2024-10-10,10:01,芋圆奶茶,中杯,17,1,17,支付宝,散客
ORD10314,2024-10-10,02:22,柠檬茶,大杯,15,2,30,微信,散客
ORD10315,2024-10-10,01:26,布丁奶茶,大杯,19,1,19,现金,散客
ORD10316,2024-10-10,12:57,芋圆奶茶,中杯,17,2,34,支付宝,会员
ORD10317,2024-10-10,16:42,茉莉绿茶,大杯,13,1,13,微信,会员
ORD10318,2024-10-10,14:33,布丁奶茶,小杯,16,3,48,支付宝,散客
ORD10319,2024-10-10,22:29,茉莉绿茶,中杯,11,1,11,支付宝,会员
ORD10320,2024-10-10,11:17,水果茶,大杯,21,1,21,支付宝,散客
ORD10321,2024-10-10,20:56,珍珠奶茶,大杯,18,1,18,微信,会员
ORD10322,2024-10-10,14:45,珍珠奶茶,大杯,18,1,18,微信,会员
ORD10323,2024-10-10,09:55,珍珠奶茶,大杯,18,1,18,微信,散客
ORD10324,2024-10-10,17:20,乌龙茶,中杯,11,1,11,支付宝,散客
ORD10325,2024-10-10,13:26,红豆奶茶,中杯,15,1,15,支付宝,散客
ORD10326,2024-10-10,20:40,芋圆奶茶,中杯,17,1,17,微信,散客
ORD10327,2024-10-10,11:33,抹茶拿铁,中杯,18,1,18,微信,会员
ORD10328,2024-10-10,14:15,水果茶,中杯,19,2,38,微信,散客
ORD10329,2024-10-10,03:26,芋圆奶茶,大杯,19,1,19,微信,会员
ORD10330,2024-10-10,04:28,抹茶拿铁,大杯,20,1,20,支付宝,会员
ORD10331,2024-10-10,11:38,乌龙茶,大杯,13,2,26,微信,散客
ORD10332,2024-10-10,17:35,水果茶,中杯,19,1,19,支付宝,会员
ORD10333,2024-10-10,20:13,水果茶,大杯,21,1,21,支付宝,散客
ORD10334,2024-10-10,16:45,水果茶,中杯,19,2,38,微信,散客
ORD10335,2024-10-10,11:34,抹茶拿铁,中杯,18,1,18,微信,散客
ORD10336,2024-10-11,18:46,焦糖奶茶,中杯,16,2,32,微信,散客
ORD10337,2024-10-11,14:14,布丁奶茶,大杯,19,1,19,支付宝,散客
ORD10338,2024-10-11,12:09,水果茶,中杯,19,1,19,微信,会员
ORD10339,2024-10-11,14:43,抹茶拿铁,中杯,18,1,18,微信,散客
ORD10340,2024-10-11,18:29,布丁奶茶,小杯,16,1,16,微信,散客
ORD10341,2024-10-11,13:58,茉莉绿茶,大杯,13,1,13,支付宝,会员
ORD10342,2024-10-11,19:03,珍珠奶茶,中杯,16,1,16,支付宝,会员
ORD10343,2024-10-11,08:13,茉莉绿茶,中杯,11,1,11,支付宝,散客
ORD10344,2024-10-11,15:30,焦糖奶茶,大杯,18,1,18,微信,会员
ORD10345,2024-10-11,14:17,茉莉绿茶,中杯,11,1,11,支付宝,散客
ORD10346,2024-10-11,19:58,布丁奶茶,大杯,19,2,38,微信,会员
ORD10347,2024-10-11,15:16,抹茶拿铁,中杯,18,1,18,微信,散客
ORD10348,2024-10-11,13:15,水果茶,中杯,19,1,19,支付宝,散客
ORD10349,2024-10-11,19:48,珍珠奶茶,大杯,18,1,18,微信,散客
ORD10350,2024-10-11,15:44,布丁奶茶,大杯,19,1,19,微信,散客
ORD10351,2024-10-11,14:54,柠檬茶,大杯,15,1,15,支付宝,散客
ORD10352,2024-10-11,14:17,珍珠奶茶,大杯,18,1,18,微信,散客
ORD10353,2024-10-11,15:11,抹茶拿铁,大杯,20,2,40,微信,散客
ORD10354,2024-10-11,17:25,柠檬茶,中杯,13,1,13,微信,散客
ORD10355,2024-10-11,11:57,茉莉绿茶,中杯,11,1,11,支付宝,散客
ORD10356,2024-10-11,16:05,茉莉绿茶,中杯,11,1,11,微信,散客
ORD10357,2024-10-11,10:49,乌龙茶,中杯,11,2,22,微信,散客
ORD10358,2024-10-11,18:28,焦糖奶茶,大杯,18,1,18,支付宝,散客
ORD10359,2024-10-12,14:24,柠檬茶,中杯,13,1,13,支付宝,会员
ORD10360,2024-10-12,08:45,布丁奶茶,小杯,16,1,16,微信,会员
ORD10361,2024-10-12,20:28,抹茶拿铁,中杯,18,1,18,微信,散客
ORD10362,2024-10-12,14:32,芋圆奶茶,大杯,19,1,19,微信,会员
ORD10363,2024-10-12,14:20,芋圆奶茶,大杯,19,1,19,微信,会员
ORD10364,2024-10-12,20:57,水果茶,大杯,21,1,21,微信,会员
ORD10365,2024-10-12,09:09,柠檬茶,大杯,15,1,15,微信,散客
ORD10366,2024-10-12,04:16,水果茶,中杯,19,1,19,微信,会员
ORD10367,2024-10-12,10:25,抹茶拿铁,中杯,18,1,18,微信,会员
ORD10368,2024-10-12,19:55,乌龙茶,大杯,13,1,13,支付宝,散客
ORD10369,2024-10-12,13:11,芋圆奶茶,中杯,17,1,17,支付宝,散客
ORD10370,2024-10-12,14:15,抹茶拿铁,中杯,18,1,18,支付宝,会员
ORD10371,2024-10-12,20:12,乌龙茶,大杯,13,1,13,微信,散客
ORD10372,2024-10-12,13:45,水果茶,中杯,19,1,19,支付宝,会员
ORD10373,2024-10-12,19:50,芋圆奶茶,中杯,17,1,17,微信,会员
ORD10374,2024-10-12,08:27,芋圆奶茶,大杯,19,1,19,微信,散客
ORD10375,2024-10-12,14:59,芋圆奶茶,大杯,19,1,19,微信,散客
ORD10376,2024-10-12,14:40,柠檬茶,大杯,15,1,15,支付宝,会员
ORD10377,2024-10-12,15:02,乌龙茶,中杯,11,2,22,微信,散客
ORD10378,2024-10-12,06:06,红豆奶茶,大杯,17,1,17,微信,散客
ORD10379,2024-10-12,14:28,抹茶拿铁,中杯,18,1,18,支付宝,散客
ORD10380,2024-10-12,08:01,焦糖奶茶,大杯,18,1,18,支付宝,会员
ORD10381,2024-10-12,19:46,布丁奶茶,中杯,17,1,17,微信,会员
ORD10382,2024-10-12,13:30,柠檬茶,中杯,13,1,13,微信,会员
ORD10383,2024-10-12,02:45,柠檬茶,大杯,15,1,15,支付宝,散客
ORD10384,2024-10-12,08:47,水果茶,大杯,21,1,21,微信,散客
ORD10385,2024-10-12,13:51,芋圆奶茶,大杯,19,1,19,支付宝,会员
ORD10386,2024-10-12,17:56,水果茶,中杯,19,1,19,微信,散客
ORD10387,2024-10-12,09:48,柠檬茶,大杯,15,1,15,微信,会员
ORD10388,2024-10-12,09:07,红豆奶茶,小杯,14,2,28,微信,散客
ORD10389,2024-10-12,14:39,芋圆奶茶,大杯,19,1,19,支付宝,散客
ORD10390,2024-10-12,19:45,红豆奶茶,小杯,14,1,14,支付宝,会员
ORD10391,2024-10-12,09:07,布丁奶茶,中杯,17,1,17,微信,散客
ORD10392,2024-10-12,08:24,芋圆奶茶,大杯,19,1,19,微信,散客
ORD10393,2024-10-12,20:11,茉莉绿茶,大杯,13,1,13,微信,会员
ORD10394,2024-10-12,13:03,抹茶拿铁,大杯,20,1,20,微信,会员
ORD10395,2024-10-12,14:41,焦糖奶茶,中杯,16,1,16,微信,散客
ORD10396,2024-10-12,13:05,乌龙茶,大杯,13,1,13,微信,会员
ORD10397,2024-10-12,09:18,布丁奶茶,中杯,17,1,17,支付宝,散客
ORD10398,2024-10-12,13:36,柠檬茶,中杯,13,1,13,支付宝,会员
ORD10399,2024-10-12,19:02,焦糖奶茶,小杯,15,1,15,微信,散客
ORD10400,2024-10-12,15:15,红豆奶茶,大杯,17,1,17,微信,散客
ORD10401,2024-10-12,12:07,水果茶,大杯,21,1,21,微信,会员
ORD10402,2024-10-12,17:40,芋圆奶茶,大杯,19,1,19,支付宝,散客
ORD10403,2024-10-12,19:36,抹茶拿铁,中杯,18,1,18,微信,散客
ORD10404,2024-10-12,10:36,红豆奶茶,小杯,14,3,42,支付宝,会员
ORD10405,2024-10-12,21:50,芋圆奶茶,大杯,19,3,57,支付宝,会员
ORD10406,2024-10-12,19:15,布丁奶茶,小杯,16,1,16,微信,散客
ORD10407,2024-10-12,11:09,乌龙茶,中杯,11,1,11,微信,会员
ORD10408,2024-10-12,18:49,柠檬茶,中杯,13,1,13,微信,散客
ORD10409,2024-10-12,11:31,抹茶拿铁,大杯,20,2,40,支付宝,会员
ORD10410,2024-10-12,22:40,抹茶拿铁,大杯,20,1,20,微信,散客
ORD10411,2024-10-12,19:31,红豆奶茶,中杯,15,1,15,微信,散客
ORD10412,2024-10-12,14:31,抹茶拿铁,大杯,20,1,20,支付宝,散客
ORD10413,2024-10-12,00:59,布丁奶茶,中杯,17,1,17,现金,散客
ORD10414,2024-10-12,23:58,布丁奶茶,小杯,16,1,16,支付宝,散客
ORD10415,2024-10-13,15:16,柠檬茶,中杯,13,1,13,支付宝,会员
ORD10416,2024-10-13,15:46,水果茶,中杯,19,1,19,支付宝,会员
ORD10417,2024-10-13,13:08,乌龙茶,大杯,13,1,13,微信,会员
ORD10418,2024-10-13,10:07,芋圆奶茶,大杯,19,1,19,微信,会员
ORD10419,2024-10-13,19:06,抹茶拿铁,中杯,18,2,36,微信,散客
ORD10420,2024-10-13,18:08,布丁奶茶,大杯,19,1,19,微信,散客
ORD10421,2024-10-13,12:46,水果茶,大杯,21,2,42,支付宝,散客
ORD10422,2024-10-13,09:57,柠檬茶,大杯,15,1,15,微信,会员
ORD10423,2024-10-13,21:20,布丁奶茶,大杯,19,1,19,微信,散客
ORD10424,2024-10-13,14:38,红豆奶茶,小杯,14,1,14,支付宝,散客
ORD10425,2024-10-13,09:38,茉莉绿茶,大杯,13,1,13,微信,会员
ORD10426,2024-10-13,20:15,焦糖奶茶,中杯,16,1,16,微信,散客
ORD10427,2024-10-13,14:00,抹茶拿铁,中杯,18,1,18,支付宝,散客
ORD10428,2024-10-13,11:43,布丁奶茶,中杯,17,2,34,支付宝,会员
ORD10429,2024-10-13,04:16,水果茶,大杯,21,2,42,支付宝,会员
ORD10430,2024-10-13,10:45,茉莉绿茶,中杯,11,1,11,微信,散客
ORD10431,2024-10-13,14:09,红豆奶茶,大杯,17,1,17,微信,会员
ORD10432,2024-10-13,19:34,抹茶拿铁,中杯,18,1,18,支付宝,散客
ORD10433,2024-10-13,15:19,芋圆奶茶,大杯,19,1,19,微信,散客
ORD10434,2024-10-13,13:38,珍珠奶茶,中杯,16,1,16,支付宝,会员
ORD10435,2024-10-13,00:08,珍珠奶茶,大杯,18,1,18,微信,散客
ORD10436,2024-10-13,19:16,布丁奶茶,中杯,17,1,17,支付宝,会员
ORD10437,2024-10-13,20:49,珍珠奶茶,中杯,16,1,16,微信,会员
ORD10438,2024-10-13,17:36,柠檬茶,中杯,13,1,13,微信,散客
ORD10439,2024-10-13,14:23,布丁奶茶,中杯,17,1,17,支付宝,散客
ORD10440,2024-10-13,07:47,茉莉绿茶,大杯,13,1,13,支付宝,会员
ORD10441,2024-10-13,13:24,布丁奶茶,大杯,19,2,38,支付宝,散客
ORD10442,2024-10-13,20:47,芋圆奶茶,大杯,19,1,19,微信,散客
ORD10443,2024-10-13,09:04,乌龙茶,中杯,11,1,11,支付宝,会员
ORD10444,2024-10-13,09:33,珍珠奶茶,中杯,16,1,16,微信,会员
ORD10445,2024-10-13,19:20,柠檬茶,中杯,13,1,13,微信,散客
ORD10446,2024-10-13,10:39,水果茶,中杯,19,1,19,现金,散客
ORD10447,2024-10-13,18:46,茉莉绿茶,大杯,13,1,13,支付宝,会员
ORD10448,2024-10-13,14:40,珍珠奶茶,中杯,16,1,16,支付宝,散客
ORD10449,2024-10-13,17:06,水果茶,大杯,21,1,21,现金,散客
ORD10450,2024-10-13,08:17,柠檬茶,大杯,15,2,30,支付宝,散客
ORD10451,2024-10-13,16:23,焦糖奶茶,小杯,15,1,15,微信,会员
ORD10452,2024-10-14,04:36,珍珠奶茶,中杯,16,1,16,微信,会员
ORD10453,2024-10-14,19:59,芋圆奶茶,中杯,17,1,17,微信,会员
ORD10454,2024-10-14,09:49,乌龙茶,大杯,13,1,13,微信,散客
ORD10455,2024-10-14,12:34,抹茶拿铁,大杯,20,1,20,微信,散客
ORD10456,2024-10-14,05:51,红豆奶茶,小杯,14,1,14,微信,散客
ORD10457,2024-10-14,10:05,水果茶,中杯,19,1,19,微信,会员
ORD10458,2024-10-14,19:11,珍珠奶茶,中杯,16,2,32,微信,散客
ORD10459,2024-10-14,05:06,布丁奶茶,大杯,19,1,19,支付宝,散客
ORD10460,2024-10-14,07:52,芋圆奶茶,中杯,17,1,17,支付宝,会员
ORD10461,2024-10-14,14:58,柠檬茶,大杯,15,3,45,微信,散客
ORD10462,2024-10-14,19:05,抹茶拿铁,大杯,20,1,20,微信,会员
ORD10463,2024-10-14,14:52,芋圆奶茶,中杯,17,1,17,支付宝,会员
ORD10464,2024-10-14,09:11,红豆奶茶,中杯,15,1,15,微信,散客
ORD10465,2024-10-14,15:41,红豆奶茶,中杯,15,1,15,微信,会员
ORD10466,2024-10-14,10:08,芋圆奶茶,大杯,19,1,19,支付宝,会员
ORD10467,2024-10-14,23:34,珍珠奶茶,中杯,16,1,16,微信,散客
ORD10468,2024-10-14,13:58,乌龙茶,中杯,11,1,11,微信,会员
ORD10469,2024-10-14,09:57,红豆奶茶,大杯,17,1,17,微信,会员
ORD10470,2024-10-14,14:14,布丁奶茶,大杯,19,1,19,微信,散客
ORD10471,2024-10-14,18:47,珍珠奶茶,大杯,18,1,18,现金,会员
ORD10472,2024-10-14,20:54,布丁奶茶,大杯,19,1,19,微信,散客
ORD10473,2024-10-14,11:37,珍珠奶茶,小杯,15,1,15,支付宝,散客
ORD10474,2024-10-14,14:12,焦糖奶茶,小杯,15,1,15,微信,会员
ORD10475,2024-10-14,09:14,珍珠奶茶,小杯,15,1,15,微信,散客
ORD10476,2024-10-14,19:21,布丁奶茶,中杯,17,1,17,微信,散客
ORD10477,2024-10-14,08:07,茉莉绿茶,中杯,11,2,22,微信,散客
ORD10478,2024-10-14,12:06,抹茶拿铁,中杯,18,1,18,现金,散客
ORD10479,2024-10-14,12:40,焦糖奶茶,小杯,15,1,15,支付宝,散客
ORD10480,2024-10-14,20:39,抹茶拿铁,大杯,20,1,20,支付宝,会员
ORD10481,2024-10-14,17:18,布丁奶茶,大杯,19,1,19,支付宝,散客
ORD10482,2024-10-14,11:49,乌龙茶,大杯,13,1,13,微信,散客
ORD10483,2024-10-14,15:40,乌龙茶,大杯,13,2,26,微信,散客
ORD10484,2024-10-15,11:20,布丁奶茶,小杯,16,2,32,微信,散客
ORD10485,2024-10-15,15:56,抹茶拿铁,中杯,18,1,18,微信,散客
ORD10486,2024-10-15,11:50,柠檬茶,大杯,15,1,15,微信,散客
ORD10487,2024-10-15,08:26,焦糖奶茶,中杯,16,1,16,微信,散客
ORD10488,2024-10-15,18:36,水果茶,大杯,21,1,21,支付宝,会员
ORD10489,2024-10-15,01:16,柠檬茶,大杯,15,1,15,支付宝,会员
ORD10490,2024-10-15,04:57,柠檬茶,中杯,13,1,13,支付宝,散客
ORD10491,2024-10-15,01:41,布丁奶茶,小杯,16,2,32,微信,会员
ORD10492,2024-10-15,09:12,芋圆奶茶,中杯,17,1,17,微信,会员
ORD10493,2024-10-15,11:35,焦糖奶茶,大杯,18,1,18,微信,会员
ORD10494,2024-10-15,19:40,乌龙茶,中杯,11,1,11,微信,会员
ORD10495,2024-10-15,10:05,焦糖奶茶,大杯,18,1,18,微信,散客
ORD10496,2024-10-15,15:05,茉莉绿茶,中杯,11,1,11,支付宝,会员
ORD10497,2024-10-15,13:16,焦糖奶茶,中杯,16,1,16,支付宝,散客
ORD10498,2024-10-15,08:44,柠檬茶,大杯,15,1,15,支付宝,散客
ORD10499,2024-10-15,18:14,茉莉绿茶,大杯,13,1,13,支付宝,散客
ORD10500,2024-10-15,14:55,焦糖奶茶,小杯,15,2,30,微信,会员
ORD10501,2024-10-15,20:45,珍珠奶茶,小杯,15,1,15,微信,散客
ORD10502,2024-10-15,22:09,柠檬茶,中杯,13,1,13,现金,散客
ORD10503,2024-10-15,19:08,珍珠奶茶,中杯,16,1,16,支付宝,会员
ORD10504,2024-10-15,19:09,乌龙茶,中杯,11,1,11,支付宝,散客
ORD10505,2024-10-15,05:35,芋圆奶茶,中杯,17,2,34,微信,散客
ORD10506,2024-10-15,00:44,乌龙茶,中杯,11,1,11,微信,散客
ORD10507,2024-10-15,14:06,柠檬茶,大杯,15,1,15,支付宝,散客
ORD10508,2024-10-15,19:16,芋圆奶茶,中杯,17,1,17,微信,会员
ORD10509,2024-10-15,12:39,乌龙茶,中杯,11,1,11,支付宝,会员
ORD10510,2024-10-15,09:47,焦糖奶茶,中杯,16,2,32,微信,散客
ORD10511,2024-10-16,10:53,焦糖奶茶,小杯,15,1,15,现金,会员
ORD10512,2024-10-16,10:47,焦糖奶茶,中杯,16,1,16,微信,散客
ORD10513,2024-10-16,08:13,芋圆奶茶,中杯,17,1,17,支付宝,散客
ORD10514,2024-10-16,13:10,柠檬茶,中杯,13,1,13,微信,散客
ORD10515,2024-10-16,13:36,珍珠奶茶,大杯,18,1,18,支付宝,散客
ORD10516,2024-10-16,09:29,珍珠奶茶,中杯,16,1,16,微信,散客
ORD10517,2024-10-16,13:40,柠檬茶,大杯,15,1,15,微信,散客
ORD10518,2024-10-16,21:30,乌龙茶,中杯,11,1,11,支付宝,会员
ORD10519,2024-10-16,19:05,红豆奶茶,大杯,17,1,17,微信,散客
ORD10520,2024-10-16,21:54,水果茶,大杯,21,1,21,微信,散客
ORD10521,2024-10-16,01:49,珍珠奶茶,中杯,16,2,32,支付宝,散客
ORD10522,2024-10-16,00:16,乌龙茶,中杯,11,1,11,支付宝,会员
ORD10523,2024-10-16,20:54,抹茶拿铁,中杯,18,1,18,微信,散客
ORD10524,2024-10-16,19:25,乌龙茶,大杯,13,1,13,现金,散客
ORD10525,2024-10-16,19:35,乌龙茶,中杯,11,1,11,微信,会员
ORD10526,2024-10-16,23:40,抹茶拿铁,中杯,18,1,18,支付宝,散客
ORD10527,2024-10-16,10:09,茉莉绿茶,大杯,13,2,26,支付宝,散客
ORD10528,2024-10-16,14:42,抹茶拿铁,大杯,20,1,20,支付宝,散客
ORD10529,2024-10-16,09:26,芋圆奶茶,中杯,17,1,17,微信,散客
ORD10530,2024-10-16,19:21,水果茶,中杯,19,2,38,支付宝,散客
ORD10531,2024-10-16,19:53,茉莉绿茶,大杯,13,1,13,微信,散客
ORD10532,2024-10-16,17:35,布丁奶茶,小杯,16,2,32,支付宝,会员
ORD10533,2024-10-16,09:55,红豆奶茶,中杯,15,1,15,微信,会员
ORD10534,2024-10-16,10:54,柠檬茶,中杯,13,1,13,支付宝,散客
ORD10535,2024-10-16,15:30,水果茶,大杯,21,2,42,微信,会员
ORD10536,2024-10-16,03:54,布丁奶茶,大杯,19,3,57,微信,散客
ORD10537,2024-10-16,20:29,布丁奶茶,中杯,17,2,34,微信,会员
ORD10538,2024-10-16,10:11,抹茶拿铁,大杯,20,1,20,微信,散客
ORD10539,2024-10-16,08:48,布丁奶茶,中杯,17,1,17,支付宝,会员
ORD10540,2024-10-17,15:25,芋圆奶茶,中杯,17,1,17,微信,会员
ORD10541,2024-10-17,11:00,抹茶拿铁,大杯,20,1,20,微信,散客
ORD10542,2024-10-17,09:56,抹茶拿铁,中杯,18,1,18,微信,散客
ORD10543,2024-10-17,08:52,珍珠奶茶,中杯,16,2,32,微信,散客
ORD10544,2024-10-17,13:27,布丁奶茶,中杯,17,3,51,微信,散客
ORD10545,2024-10-17,08:58,芋圆奶茶,大杯,19,1,19,支付宝,会员
ORD10546,2024-10-17,17:37,茉莉绿茶,大杯,13,1,13,支付宝,散客
ORD10547,2024-10-17,11:40,红豆奶茶,小杯,14,1,14,微信,会员
ORD10548,2024-10-17,06:53,珍珠奶茶,大杯,18,1,18,微信,会员
ORD10549,2024-10-17,14:30,布丁奶茶,大杯,19,1,19,支付宝,会员
ORD10550,2024-10-17,15:42,茉莉绿茶,中杯,11,1,11,支付宝,散客
ORD10551,2024-10-17,20:32,乌龙茶,大杯,13,1,13,支付宝,散客
ORD10552,2024-10-17,15:49,红豆奶茶,小杯,14,3,42,微信,散客
ORD10553,2024-10-17,08:35,焦糖奶茶,大杯,18,1,18,微信,会员
ORD10554,2024-10-17,00:05,柠檬茶,中杯,13,1,13,微信,散客
ORD10555,2024-10-17,17:06,红豆奶茶,小杯,14,1,14,现金,会员
ORD10556,2024-10-17,13:06,布丁奶茶,大杯,19,2,38,微信,散客
ORD10557,2024-10-17,12:07,柠檬茶,大杯,15,1,15,微信,散客
ORD10558,2024-10-17,10:57,焦糖奶茶,小杯,15,1,15,支付宝,会员
ORD10559,2024-10-17,10:07,芋圆奶茶,中杯,17,2,34,微信,会员
ORD10560,2024-10-17,19:51,芋圆奶茶,大杯,19,1,19,支付宝,会员
ORD10561,2024-10-17,20:10,柠檬茶,中杯,13,2,26,微信,散客
ORD10562,2024-10-17,12:39,芋圆奶茶,中杯,17,1,17,支付宝,散客
ORD10563,2024-10-17,17:57,布丁奶茶,中杯,17,2,34,微信,散客
ORD10564,2024-10-17,02:16,抹茶拿铁,大杯,20,1,20,支付宝,散客
ORD10565,2024-10-17,14:36,水果茶,中杯,19,1,19,支付宝,散客
ORD10566,2024-10-17,12:46,水果茶,中杯,19,1,19,支付宝,会员
ORD10567,2024-10-17,19:35,乌龙茶,大杯,13,1,13,支付宝,散客
ORD10568,2024-10-17,13:31,布丁奶茶,大杯,19,1,19,微信,会员
ORD10569,2024-10-17,09:32,水果茶,中杯,19,1,19,微信,散客
ORD10570,2024-10-17,18:28,柠檬茶,中杯,13,1,13,微信,散客
ORD10571,2024-10-17,15:06,芋圆奶茶,中杯,17,1,17,微信,散客
ORD10572,2024-10-17,18:39,红豆奶茶,小杯,14,1,14,支付宝,散客
ORD10573,2024-10-18,11:03,水果茶,中杯,19,1,19,支付宝,散客
ORD10574,2024-10-18,17:23,焦糖奶茶,大杯,18,1,18,支付宝,会员
ORD10575,2024-10-18,11:40,红豆奶茶,小杯,14,1,14,支付宝,会员
ORD10576,2024-10-18,08:08,芋圆奶茶,大杯,19,1,19,微信,会员
ORD10577,2024-10-18,19:13,焦糖奶茶,大杯,18,1,18,微信,散客
ORD10578,2024-10-18,20:53,乌龙茶,大杯,13,1,13,微信,散客
ORD10579,2024-10-18,21:08,焦糖奶茶,大杯,18,1,18,微信,散客
ORD10580,2024-10-18,19:30,茉莉绿茶,大杯,13,1,13,微信,散客
ORD10581,2024-10-18,06:42,乌龙茶,中杯,11,1,11,微信,散客
ORD10582,2024-10-18,20:48,水果茶,中杯,19,1,19,微信,会员
ORD10583,2024-10-18,19:08,芋圆奶茶,中杯,17,1,17,微信,会员
ORD10584,2024-10-18,17:35,水果茶,大杯,21,1,21,支付宝,散客
ORD10585,2024-10-18,20:08,布丁奶茶,小杯,16,1,16,支付宝,散客
ORD10586,2024-10-18,18:35,焦糖奶茶,小杯,15,1,15,支付宝,散客
ORD10587,2024-10-18,18:53,茉莉绿茶,中杯,11,2,22,微信,会员
ORD10588,2024-10-18,06:24,布丁奶茶,大杯,19,1,19,微信,散客
ORD10589,2024-10-18,08:18,红豆奶茶,大杯,17,1,17,支付宝,会员
ORD10590,2024-10-18,18:02,抹茶拿铁,中杯,18,1,18,支付宝,散客
ORD10591,2024-10-18,19:47,茉莉绿茶,中杯,11,1,11,支付宝,散客
ORD10592,2024-10-18,10:42,珍珠奶茶,中杯,16,1,16,现金,散客
ORD10593,2024-10-18,10:35,珍珠奶茶,大杯,18,1,18,微信,散客
ORD10594,2024-10-18,19:28,水果茶,中杯,19,1,19,微信,散客
ORD10595,2024-10-18,18:12,红豆奶茶,中杯,15,1,15,支付宝,会员
ORD10596,2024-10-18,08:32,柠檬茶,中杯,13,1,13,微信,会员
ORD10597,2024-10-18,08:54,红豆奶茶,大杯,17,1,17,支付宝,会员
ORD10598,2024-10-18,08:20,乌龙茶,大杯,13,1,13,支付宝,散客
ORD10599,2024-10-18,10:50,乌龙茶,中杯,11,1,11,支付宝,散客
ORD10600,2024-10-18,21:33,柠檬茶,大杯,15,1,15,微信,会员
ORD10601,2024-10-18,09:13,抹茶拿铁,中杯,18,1,18,微信,散客
ORD10602,2024-10-18,14:35,珍珠奶茶,大杯,18,1,18,微信,散客
ORD10603,2024-10-19,20:15,珍珠奶茶,小杯,15,2,30,微信,散客
ORD10604,2024-10-19,06:16,茉莉绿茶,中杯,11,1,11,微信,散客
ORD10605,2024-10-19,13:32,焦糖奶茶,中杯,16,1,16,支付宝,会员
ORD10606,2024-10-19,13:06,布丁奶茶,小杯,16,1,16,支付宝,会员
ORD10607,2024-10-19,15:13,芋圆奶茶,大杯,19,1,19,支付宝,散客
ORD10608,2024-10-19,18:27,柠檬茶,大杯,15,1,15,支付宝,会员
ORD10609,2024-10-19,04:11,红豆奶茶,小杯,14,1,14,支付宝,散客
ORD10610,2024-10-19,12:28,芋圆奶茶,中杯,17,1,17,微信,会员
ORD10611,2024-10-19,00:46,乌龙茶,大杯,13,1,13,微信,散客
ORD10612,2024-10-19,04:59,茉莉绿茶,大杯,13,1,13,支付宝,散客
ORD10613,2024-10-19,10:59,焦糖奶茶,中杯,16,1,16,支付宝,散客
ORD10614,2024-10-19,14:08,芋圆奶茶,中杯,17,2,34,微信,散客
ORD10615,2024-10-19,20:50,抹茶拿铁,大杯,20,1,20,微信,会员
ORD10616,2024-10-19,00:38,芋圆奶茶,大杯,19,1,19,支付宝,散客
ORD10617,2024-10-19,10:26,茉莉绿茶,大杯,13,1,13,微信,散客
ORD10618,2024-10-19,08:11,乌龙茶,大杯,13,2,26,支付宝,散客
ORD10619,2024-10-19,13:35,柠檬茶,中杯,13,1,13,微信,会员
ORD10620,2024-10-19,14:21,抹茶拿铁,大杯,20,1,20,微信,会员
ORD10621,2024-10-19,04:12,抹茶拿铁,中杯,18,1,18,支付宝,会员
ORD10622,2024-10-19,14:36,乌龙茶,中杯,11,1,11,现金,会员
ORD10623,2024-10-19,10:50,水果茶,中杯,19,1,19,微信,散客
ORD10624,2024-10-19,10:30,焦糖奶茶,中杯,16,1,16,微信,散客
ORD10625,2024-10-19,08:38,柠檬茶,中杯,13,2,26,微信,散客
ORD10626,2024-10-19,09:56,柠檬茶,大杯,15,2,30,支付宝,散客
ORD10627,2024-10-19,19:37,芋圆奶茶,大杯,19,2,38,微信,散客
ORD10628,2024-10-19,23:30,布丁奶茶,中杯,17,1,17,支付宝,散客
ORD10629,2024-10-19,19:08,焦糖奶茶,小杯,15,1,15,微信,散客
ORD10630,2024-10-19,15:54,乌龙茶,大杯,13,1,13,微信,会员
ORD10631,2024-10-19,14:36,布丁奶茶,小杯,16,1,16,支付宝,会员
ORD10632,2024-10-19,18:14,柠檬茶,中杯,13,1,13,微信,会员
ORD10633,2024-10-19,20:23,芋圆奶茶,中杯,17,2,34,支付宝,会员
ORD10634,2024-10-19,15:06,茉莉绿茶,中杯,11,1,11,微信,散客
ORD10635,2024-10-19,08:41,芋圆奶茶,中杯,17,1,17,支付宝,会员
ORD10636,2024-10-19,09:58,水果茶,中杯,19,1,19,支付宝,散客
ORD10637,2024-10-19,13:38,珍珠奶茶,小杯,15,2,30,微信,会员
ORD10638,2024-10-19,13:17,水果茶,大杯,21,1,21,微信,散客
ORD10639,2024-10-19,07:14,芋圆奶茶,中杯,17,1,17,微信,散客
ORD10640,2024-10-19,09:10,芋圆奶茶,大杯,19,1,19,微信,散客
ORD10641,2024-10-19,08:32,珍珠奶茶,小杯,15,1,15,微信,散客
ORD10642,2024-10-19,13:25,乌龙茶,大杯,13,2,26,支付宝,散客
ORD10643,2024-10-19,20:13,焦糖奶茶,小杯,15,3,45,支付宝,会员
ORD10644,2024-10-19,19:38,布丁奶茶,小杯,16,1,16,微信,散客
ORD10645,2024-10-19,09:46,抹茶拿铁,中杯,18,1,18,微信,会员
ORD10646,2024-10-19,08:01,水果茶,中杯,19,1,19,支付宝,会员
ORD10647,2024-10-19,20:38,珍珠奶茶,小杯,15,1,15,微信,散客
ORD10648,2024-10-19,07:38,茉莉绿茶,大杯,13,2,26,支付宝,散客
ORD10649,2024-10-19,13:23,珍珠奶茶,小杯,15,1,15,微信,散客
ORD10650,2024-10-19,18:24,抹茶拿铁,大杯,20,1,20,微信,散客
ORD10651,2024-10-19,20:05,红豆奶茶,小杯,14,2,28,微信,会员
ORD10652,2024-10-19,17:50,珍珠奶茶,小杯,15,1,15,微信,会员
ORD10653,2024-10-19,09:51,抹茶拿铁,中杯,18,1,18,微信,散客
ORD10654,2024-10-19,09:54,茉莉绿茶,中杯,11,1,11,支付宝,散客
ORD10655,2024-10-19,12:13,芋圆奶茶,中杯,17,1,17,微信,散客
ORD10656,2024-10-19,23:36,抹茶拿铁,中杯,18,1,18,支付宝,散客
ORD10657,2024-10-20,09:50,布丁奶茶,大杯,19,1,19,微信,会员
ORD10658,2024-10-20,14:44,珍珠奶茶,大杯,18,1,18,支付宝,散客
ORD10659,2024-10-20,19:30,乌龙茶,中杯,11,1,11,微信,会员
ORD10660,2024-10-20,15:46,芋圆奶茶,中杯,17,1,17,微信,散客
ORD10661,2024-10-20,14:49,布丁奶茶,小杯,16,1,16,微信,散客
ORD10662,2024-10-20,20:33,红豆奶茶,大杯,17,1,17,微信,散客
ORD10663,2024-10-20,09:10,珍珠奶茶,中杯,16,1,16,微信,会员
ORD10664,2024-10-20,23:49,芋圆奶茶,中杯,17,1,17,微信,会员
ORD10665,2024-10-20,00:45,柠檬茶,大杯,15,1,15,支付宝,散客
ORD10666,2024-10-20,14:22,红豆奶茶,大杯,17,1,17,微信,散客
ORD10667,2024-10-20,14:16,布丁奶茶,中杯,17,1,17,微信,散客
ORD10668,2024-10-20,10:07,茉莉绿茶,中杯,11,2,22,支付宝,散客
ORD10669,2024-10-20,16:24,乌龙茶,中杯,11,1,11,支付宝,散客
ORD10670,2024-10-20,13:29,乌龙茶,大杯,13,1,13,微信,会员
ORD10671,2024-10-20,18:14,水果茶,中杯,19,1,19,微信,散客
ORD10672,2024-10-20,16:16,水果茶,中杯,19,1,19,支付宝,散客
ORD10673,2024-10-20,04:59,布丁奶茶,中杯,17,1,17,微信,散客
ORD10674,2024-10-20,08:47,水果茶,中杯,19,1,19,微信,会员
ORD10675,2024-10-20,09:14,水果茶,大杯,21,1,21,微信,散客
ORD10676,2024-10-20,07:05,焦糖奶茶,小杯,15,1,15,支付宝,散客
ORD10677,2024-10-20,19:23,乌龙茶,中杯,11,1,11,现金,散客
ORD10678,2024-10-20,19:31,布丁奶茶,小杯,16,1,16,微信,散客
ORD10679,2024-10-20,03:51,芋圆奶茶,中杯,17,2,34,微信,会员
ORD10680,2024-10-20,19:49,布丁奶茶,中杯,17,3,51,支付宝,散客
ORD10681,2024-10-20,16:00,水果茶,中杯,19,1,19,微信,散客
ORD10682,2024-10-20,09:35,红豆奶茶,大杯,17,1,17,现金,会员
ORD10683,2024-10-20,08:27,水果茶,中杯,19,1,19,微信,散客
ORD10684,2024-10-20,10:11,乌龙茶,大杯,13,3,39,支付宝,散客
ORD10685,2024-10-20,17:51,水果茶,中杯,19,2,38,微信,散客
ORD10686,2024-10-20,18:30,珍珠奶茶,大杯,18,1,18,微信,散客
ORD10687,2024-10-20,15:34,抹茶拿铁,中杯,18,1,18,微信,散客
ORD10688,2024-10-20,12:44,布丁奶茶,大杯,19,1,19,微信,散客
ORD10689,2024-10-20,05:47,抹茶拿铁,中杯,18,1,18,微信,散客
ORD10690,2024-10-20,09:01,芋圆奶茶,大杯,19,1,19,支付宝,散客
ORD10691,2024-10-20,14:41,茉莉绿茶,大杯,13,3,39,微信,会员
ORD10692,2024-10-20,13:49,焦糖奶茶,大杯,18,1,18,微信,散客
ORD10693,2024-10-20,08:10,抹茶拿铁,中杯,18,1,18,微信,散客
ORD10694,2024-10-20,04:10,抹茶拿铁,大杯,20,1,20,支付宝,散客
ORD10695,2024-10-20,14:25,红豆奶茶,中杯,15,1,15,支付宝,散客
ORD10696,2024-10-20,13:28,芋圆奶茶,大杯,19,1,19,微信,散客
ORD10697,2024-10-20,15:47,柠檬茶,大杯,15,1,15,微信,会员
ORD10698,2024-10-20,19:35,珍珠奶茶,大杯,18,1,18,微信,散客
ORD10699,2024-10-20,06:39,布丁奶茶,大杯,19,1,19,支付宝,会员
ORD10700,2024-10-20,09:18,焦糖奶茶,小杯,15,1,15,微信,会员
ORD10701,2024-10-20,02:22,抹茶拿铁,中杯,18,1,18,支付宝,散客
ORD10702,2024-10-20,14:08,茉莉绿茶,大杯,13,1,13,微信,散客
ORD10703,2024-10-20,19:27,茉莉绿茶,中杯,11,2,22,微信,会员
ORD10704,2024-10-20,05:19,抹茶拿铁,中杯,18,1,18,微信,会员
ORD10705,2024-10-20,19:54,布丁奶茶,中杯,17,1,17,微信,散客
ORD10706,2024-10-20,13:48,焦糖奶茶,中杯,16,1,16,微信,会员
ORD10707,2024-10-20,09:00,茉莉绿茶,中杯,11,1,11,支付宝,散客
ORD10708,2024-10-20,09:45,芋圆奶茶,中杯,17,1,17,微信,散客
ORD10709,2024-10-20,13:51,乌龙茶,中杯,11,1,11,支付宝,散客
ORD10710,2024-10-20,12:54,柠檬茶,大杯,15,1,15,微信,散客
ORD10711,2024-10-20,13:44,乌龙茶,中杯,11,1,11,微信,会员
ORD10712,2024-10-20,14:11,柠檬茶,中杯,13,1,13,支付宝,散客
ORD10713,2024-10-20,09:09,珍珠奶茶,中杯,16,1,16,微信,散客
ORD10714,2024-10-20,13:23,焦糖奶茶,小杯,15,1,15,微信,散客
ORD10715,2024-10-21,03:49,芋圆奶茶,大杯,19,1,19,微信,散客
ORD10716,2024-10-21,09:24,珍珠奶茶,大杯,18,3,54,支付宝,会员
ORD10717,2024-10-21,22:15,珍珠奶茶,大杯,18,1,18,支付宝,散客
ORD10718,2024-10-21,22:30,芋圆奶茶,中杯,17,2,34,微信,散客
ORD10719,2024-10-21,18:35,茉莉绿茶,大杯,13,1,13,支付宝,会员
ORD10720,2024-10-21,20:55,水果茶,大杯,21,1,21,微信,会员
ORD10721,2024-10-21,18:37,柠檬茶,中杯,13,1,13,微信,会员
ORD10722,2024-10-21,18:30,乌龙茶,大杯,13,1,13,微信,会员
ORD10723,2024-10-21,05:39,抹茶拿铁,大杯,20,1,20,支付宝,散客
ORD10724,2024-10-21,18:08,焦糖奶茶,大杯,18,1,18,微信,散客
ORD10725,2024-10-21,11:57,焦糖奶茶,小杯,15,1,15,支付宝,会员
ORD10726,2024-10-21,08:57,珍珠奶茶,中杯,16,1,16,微信,散客
ORD10727,2024-10-21,13:36,布丁奶茶,小杯,16,1,16,支付宝,会员
ORD10728,2024-10-21,19:58,茉莉绿茶,大杯,13,1,13,微信,会员
ORD10729,2024-10-21,09:23,焦糖奶茶,大杯,18,1,18,微信,散客
ORD10730,2024-10-21,19:39,抹茶拿铁,大杯,20,1,20,微信,散客
ORD10731,2024-10-21,19:12,茉莉绿茶,中杯,11,1,11,微信,会员
ORD10732,2024-10-21,12:20,柠檬茶,大杯,15,1,15,微信,散客
ORD10733,2024-10-21,07:55,珍珠奶茶,大杯,18,1,18,微信,会员
ORD10734,2024-10-21,15:24,焦糖奶茶,小杯,15,1,15,微信,会员
ORD10735,2024-10-21,09:45,柠檬茶,大杯,15,2,30,微信,散客
ORD10736,2024-10-21,20:05,焦糖奶茶,小杯,15,1,15,微信,散客
ORD10737,2024-10-21,12:23,珍珠奶茶,小杯,15,1,15,微信,会员
ORD10738,2024-10-21,10:13,茉莉绿茶,大杯,13,1,13,微信,会员
ORD10739,2024-10-22,14:15,乌龙茶,大杯,13,1,13,微信,散客
ORD10740,2024-10-22,18:36,抹茶拿铁,中杯,18,1,18,微信,会员
ORD10741,2024-10-22,18:35,芋圆奶茶,中杯,17,1,17,微信,散客
ORD10742,2024-10-22,20:57,抹茶拿铁,中杯,18,1,18,微信,散客
ORD10743,2024-10-22,19:20,乌龙茶,大杯,13,1,13,微信,散客
ORD10744,2024-10-22,20:16,抹茶拿铁,中杯,18,1,18,微信,散客
ORD10745,2024-10-22,22:38,珍珠奶茶,小杯,15,1,15,支付宝,会员
ORD10746,2024-10-22,23:13,抹茶拿铁,大杯,20,1,20,支付宝,散客
ORD10747,2024-10-22,20:32,茉莉绿茶,大杯,13,1,13,微信,会员
ORD10748,2024-10-22,09:56,乌龙茶,大杯,13,1,13,支付宝,会员
ORD10749,2024-10-22,12:58,水果茶,大杯,21,1,21,支付宝,会员
ORD10750,2024-10-22,19:44,乌龙茶,大杯,13,1,13,微信,散客
ORD10751,2024-10-22,14:05,珍珠奶茶,中杯,16,1,16,支付宝,散客
ORD10752,2024-10-22,19:55,水果茶,大杯,21,1,21,支付宝,会员
ORD10753,2024-10-22,13:20,茉莉绿茶,大杯,13,1,13,支付宝,会员
ORD10754,2024-10-22,16:25,焦糖奶茶,小杯,15,1,15,微信,散客
ORD10755,2024-10-22,18:09,布丁奶茶,中杯,17,1,17,微信,会员
ORD10756,2024-10-22,12:05,芋圆奶茶,中杯,17,1,17,微信,会员
ORD10757,2024-10-22,14:31,芋圆奶茶,大杯,19,1,19,现金,散客
ORD10758,2024-10-22,09:17,芋圆奶茶,中杯,17,1,17,微信,会员
ORD10759,2024-10-22,12:23,抹茶拿铁,大杯,20,1,20,微信,会员
ORD10760,2024-10-22,10:22,乌龙茶,中杯,11,1,11,微信,散客
ORD10761,2024-10-22,09:43,抹茶拿铁,大杯,20,1,20,支付宝,会员
ORD10762,2024-10-22,03:39,布丁奶茶,中杯,17,1,17,支付宝,会员
ORD10763,2024-10-22,13:01,抹茶拿铁,大杯,20,1,20,微信,散客
ORD10764,2024-10-22,18:35,焦糖奶茶,小杯,15,1,15,微信,散客
ORD10765,2024-10-23,11:57,茉莉绿茶,大杯,13,1,13,微信,会员
ORD10766,2024-10-23,16:17,珍珠奶茶,中杯,16,1,16,微信,会员
ORD10767,2024-10-23,09:54,抹茶拿铁,大杯,20,1,20,支付宝,散客
ORD10768,2024-10-23,09:24,茉莉绿茶,大杯,13,2,26,微信,散客
ORD10769,2024-10-23,05:12,茉莉绿茶,中杯,11,1,11,支付宝,会员
ORD10770,2024-10-23,20:19,抹茶拿铁,中杯,18,1,18,微信,会员
ORD10771,2024-10-23,11:40,红豆奶茶,大杯,17,3,51,现金,会员
ORD10772,2024-10-23,03:16,芋圆奶茶,大杯,19,2,38,支付宝,会员
ORD10773,2024-10-23,10:25,布丁奶茶,大杯,19,1,19,微信,散客
ORD10774,2024-10-23,19:43,水果茶,中杯,19,1,19,微信,散客
ORD10775,2024-10-23,20:21,焦糖奶茶,小杯,15,1,15,支付宝,散客
ORD10776,2024-10-23,16:12,布丁奶茶,中杯,17,1,17,支付宝,散客
ORD10777,2024-10-23,12:58,布丁奶茶,小杯,16,2,32,支付宝,会员
ORD10778,2024-10-23,14:46,柠檬茶,大杯,15,1,15,支付宝,散客
ORD10779,2024-10-23,18:56,芋圆奶茶,中杯,17,1,17,支付宝,散客
ORD10780,2024-10-23,15:47,红豆奶茶,大杯,17,1,17,微信,会员
ORD10781,2024-10-23,18:39,乌龙茶,中杯,11,1,11,支付宝,散客
ORD10782,2024-10-23,09:01,抹茶拿铁,大杯,20,1,20,微信,散客
ORD10783,2024-10-23,14:45,抹茶拿铁,大杯,20,2,40,微信,会员
ORD10784,2024-10-23,08:02,芋圆奶茶,大杯,19,2,38,现金,会员
ORD10785,2024-10-24,23:48,水果茶,大杯,21,1,21,现金,散客
ORD10786,2024-10-24,15:44,抹茶拿铁,中杯,18,2,36,微信,散客
ORD10787,2024-10-24,15:52,芋圆奶茶,中杯,17,1,17,支付宝,散客
ORD10788,2024-10-24,14:41,珍珠奶茶,小杯,15,1,15,微信,散客
ORD10789,2024-10-24,19:15,茉莉绿茶,中杯,11,3,33,微信,会员
ORD10790,2024-10-24,18:03,水果茶,中杯,19,1,19,支付宝,散客
ORD10791,2024-10-24,10:10,芋圆奶茶,中杯,17,1,17,微信,散客
ORD10792,2024-10-24,08:53,焦糖奶茶,大杯,18,1,18,微信,散客
ORD10793,2024-10-24,20:44,茉莉绿茶,大杯,13,1,13,微信,会员
ORD10794,2024-10-24,13:57,水果茶,中杯,19,1,19,微信,散客
ORD10795,2024-10-24,17:10,柠檬茶,大杯,15,1,15,微信,会员
ORD10796,2024-10-24,13:24,茉莉绿茶,大杯,13,1,13,微信,散客
ORD10797,2024-10-24,20:36,布丁奶茶,大杯,19,2,38,微信,散客
ORD10798,2024-10-24,12:19,焦糖奶茶,中杯,16,1,16,微信,会员
ORD10799,2024-10-24,09:39,红豆奶茶,大杯,17,1,17,支付宝,散客
ORD10800,2024-10-24,00:56,焦糖奶茶,大杯,18,1,18,支付宝,散客
ORD10801,2024-10-24,12:38,乌龙茶,大杯,13,1,13,微信,散客
ORD10802,2024-10-24,14:52,水果茶,大杯,21,1,21,微信,会员
ORD10803,2024-10-24,08:02,乌龙茶,中杯,11,1,11,微信,会员
ORD10804,2024-10-24,23:10,红豆奶茶,小杯,14,1,14,支付宝,散客
ORD10805,2024-10-24,14:29,乌龙茶,中杯,11,2,22,微信,会员
ORD10806,2024-10-24,11:24,柠檬茶,中杯,13,1,13,微信,散客
ORD10807,2024-10-24,07:55,红豆奶茶,中杯,15,1,15,微信,散客
ORD10808,2024-10-24,15:06,乌龙茶,大杯,13,1,13,支付宝,散客
ORD10809,2024-10-24,23:18,芋圆奶茶,中杯,17,1,17,微信,散客
ORD10810,2024-10-24,20:39,乌龙茶,中杯,11,1,11,支付宝,散客
ORD10811,2024-10-24,08:39,水果茶,中杯,19,3,57,微信,会员
ORD10812,2024-10-24,15:07,水果茶,中杯,19,1,19,微信,散客
ORD10813,2024-10-24,15:00,水果茶,中杯,19,1,19,微信,会员
ORD10814,2024-10-24,14:49,珍珠奶茶,大杯,18,1,18,微信,散客
ORD10815,2024-10-24,15:01,布丁奶茶,大杯,19,1,19,微信,散客
ORD10816,2024-10-24,20:51,珍珠奶茶,小杯,15,1,15,微信,散客
ORD10817,2024-10-24,19:57,抹茶拿铁,中杯,18,1,18,微信,散客
ORD10818,2024-10-24,19:19,乌龙茶,中杯,11,1,11,微信,散客
ORD10819,2024-10-24,10:58,抹茶拿铁,大杯,20,2,40,微信,会员
ORD10820,2024-10-24,23:40,茉莉绿茶,大杯,13,1,13,微信,散客
ORD10821,2024-10-24,19:48,红豆奶茶,小杯,14,2,28,支付宝,会员
ORD10822,2024-10-24,05:56,水果茶,中杯,19,1,19,现金,会员
ORD10823,2024-10-24,10:07,抹茶拿铁,大杯,20,1,20,支付宝,散客
ORD10824,2024-10-24,01:30,茉莉绿茶,大杯,13,1,13,支付宝,散客
ORD10825,2024-10-24,13:49,抹茶拿铁,大杯,20,1,20,微信,散客
ORD10826,2024-10-25,16:08,水果茶,大杯,21,1,21,支付宝,散客
ORD10827,2024-10-25,00:59,珍珠奶茶,小杯,15,1,15,支付宝,会员
ORD10828,2024-10-25,20:06,茉莉绿茶,中杯,11,1,11,支付宝,散客
ORD10829,2024-10-25,09:12,水果茶,中杯,19,1,19,微信,散客
ORD10830,2024-10-25,07:09,布丁奶茶,中杯,17,1,17,现金,散客
ORD10831,2024-10-25,06:34,抹茶拿铁,中杯,18,1,18,支付宝,散客
ORD10832,2024-10-25,14:10,柠檬茶,中杯,13,1,13,微信,散客
ORD10833,2024-10-25,07:30,珍珠奶茶,大杯,18,1,18,微信,会员
ORD10834,2024-10-25,16:57,乌龙茶,中杯,11,1,11,微信,散客
ORD10835,2024-10-25,17:42,茉莉绿茶,大杯,13,3,39,支付宝,散客
ORD10836,2024-10-25,08:52,焦糖奶茶,大杯,18,1,18,支付宝,散客
ORD10837,2024-10-25,13:14,水果茶,大杯,21,2,42,支付宝,散客
ORD10838,2024-10-25,11:44,抹茶拿铁,中杯,18,1,18,微信,散客
ORD10839,2024-10-25,11:29,布丁奶茶,中杯,17,1,17,支付宝,会员
ORD10840,2024-10-25,06:52,柠檬茶,中杯,13,1,13,微信,会员
ORD10841,2024-10-25,13:37,芋圆奶茶,大杯,19,1,19,微信,散客
ORD10842,2024-10-25,11:21,水果茶,中杯,19,1,19,微信,散客
ORD10843,2024-10-25,14:15,布丁奶茶,小杯,16,1,16,支付宝,散客
ORD10844,2024-10-25,19:07,乌龙茶,中杯,11,1,11,微信,散客
ORD10845,2024-10-25,10:25,柠檬茶,大杯,15,1,15,微信,散客
ORD10846,2024-10-25,10:41,珍珠奶茶,大杯,18,1,18,微信,散客
ORD10847,2024-10-25,18:51,珍珠奶茶,大杯,18,1,18,微信,会员
ORD10848,2024-10-25,15:28,水果茶,大杯,21,1,21,微信,散客
ORD10849,2024-10-25,20:19,芋圆奶茶,中杯,17,3,51,微信,散客
ORD10850,2024-10-25,13:54,布丁奶茶,中杯,17,1,17,支付宝,散客
ORD10851,2024-10-25,00:35,抹茶拿铁,大杯,20,2,40,支付宝,会员
ORD10852,2024-10-25,16:25,抹茶拿铁,中杯,18,1,18,微信,会员
ORD10853,2024-10-25,08:08,水果茶,中杯,19,1,19,微信,散客
ORD10854,2024-10-25,10:55,布丁奶茶,大杯,19,1,19,支付宝,会员
ORD10855,2024-10-25,19:42,芋圆奶茶,大杯,19,1,19,支付宝,散客
ORD10856,2024-10-25,13:50,乌龙茶,中杯,11,1,11,微信,散客
ORD10857,2024-10-25,19:24,抹茶拿铁,大杯,20,1,20,支付宝,散客
ORD10858,2024-10-25,19:15,茉莉绿茶,中杯,11,1,11,微信,会员
ORD10859,2024-10-25,22:36,焦糖奶茶,小杯,15,1,15,微信,散客
ORD10860,2024-10-25,04:46,茉莉绿茶,中杯,11,1,11,微信,散客
ORD10861,2024-10-25,05:30,柠檬茶,中杯,13,1,13,支付宝,散客
ORD10862,2024-10-26,13:32,焦糖奶茶,小杯,15,1,15,微信,散客
ORD10863,2024-10-26,18:18,布丁奶茶,大杯,19,1,19,微信,会员
ORD10864,2024-10-26,18:16,珍珠奶茶,小杯,15,1,15,微信,会员
ORD10865,2024-10-26,23:51,乌龙茶,大杯,13,1,13,微信,散客
ORD10866,2024-10-26,19:17,红豆奶茶,大杯,17,1,17,微信,会员
ORD10867,2024-10-26,18:38,布丁奶茶,小杯,16,1,16,支付宝,会员
ORD10868,2024-10-26,08:50,水果茶,中杯,19,1,19,微信,会员
ORD10869,2024-10-26,23:09,乌龙茶,大杯,13,1,13,支付宝,散客
ORD10870,2024-10-26,11:42,焦糖奶茶,小杯,15,1,15,微信,散客
ORD10871,2024-10-26,11:41,红豆奶茶,大杯,17,1,17,微信,散客
ORD10872,2024-10-26,13:48,茉莉绿茶,大杯,13,1,13,支付宝,散客
ORD10873,2024-10-26,08:55,芋圆奶茶,大杯,19,1,19,支付宝,会员
ORD10874,2024-10-26,10:33,珍珠奶茶,大杯,18,2,36,支付宝,散客
ORD10875,2024-10-26,12:58,红豆奶茶,中杯,15,1,15,支付宝,会员
ORD10876,2024-10-26,14:29,水果茶,大杯,21,1,21,支付宝,散客
ORD10877,2024-10-26,10:00,珍珠奶茶,大杯,18,1,18,微信,会员
ORD10878,2024-10-26,13:14,红豆奶茶,中杯,15,1,15,微信,会员
ORD10879,2024-10-26,20:42,水果茶,大杯,21,1,21,微信,散客
ORD10880,2024-10-26,07:42,乌龙茶,大杯,13,2,26,支付宝,会员
ORD10881,2024-10-26,13:59,柠檬茶,中杯,13,2,26,微信,散客
ORD10882,2024-10-26,20:49,抹茶拿铁,中杯,18,1,18,微信,散客
ORD10883,2024-10-26,11:21,珍珠奶茶,中杯,16,2,32,微信,散客
ORD10884,2024-10-26,13:59,水果茶,中杯,19,1,19,微信,会员
ORD10885,2024-10-26,18:13,乌龙茶,大杯,13,2,26,支付宝,会员
ORD10886,2024-10-26,04:36,红豆奶茶,中杯,15,1,15,微信,散客
ORD10887,2024-10-26,00:02,芋圆奶茶,中杯,17,1,17,微信,会员
ORD10888,2024-10-26,00:45,焦糖奶茶,中杯,16,1,16,支付宝,散客
ORD10889,2024-10-26,18:34,水果茶,大杯,21,1,21,支付宝,散客
ORD10890,2024-10-26,07:34,抹茶拿铁,中杯,18,1,18,微信,散客
ORD10891,2024-10-26,21:05,抹茶拿铁,中杯,18,1,18,微信,散客
ORD10892,2024-10-26,15:11,茉莉绿茶,大杯,13,2,26,支付宝,会员
ORD10893,2024-10-26,11:06,抹茶拿铁,中杯,18,1,18,支付宝,散客
ORD10894,2024-10-26,08:12,珍珠奶茶,小杯,15,3,45,微信,会员
ORD10895,2024-10-26,18:41,红豆奶茶,中杯,15,1,15,支付宝,散客
ORD10896,2024-10-26,23:02,抹茶拿铁,大杯,20,1,20,支付宝,散客
ORD10897,2024-10-27,19:42,茉莉绿茶,中杯,11,2,22,支付宝,散客
ORD10898,2024-10-27,18:14,柠檬茶,大杯,15,1,15,微信,会员
ORD10899,2024-10-27,20:39,珍珠奶茶,大杯,18,1,18,微信,会员
ORD10900,2024-10-27,03:19,柠檬茶,中杯,13,1,13,支付宝,会员
ORD10901,2024-10-27,19:07,焦糖奶茶,小杯,15,1,15,微信,散客
ORD10902,2024-10-27,12:51,芋圆奶茶,中杯,17,1,17,支付宝,散客
ORD10903,2024-10-27,10:50,水果茶,大杯,21,1,21,微信,会员
ORD10904,2024-10-27,08:26,布丁奶茶,小杯,16,1,16,微信,会员
ORD10905,2024-10-27,14:08,柠檬茶,中杯,13,1,13,微信,散客
ORD10906,2024-10-27,00:11,柠檬茶,中杯,13,1,13,支付宝,散客
ORD10907,2024-10-27,16:13,布丁奶茶,小杯,16,1,16,微信,会员
ORD10908,2024-10-27,08:44,珍珠奶茶,小杯,15,1,15,微信,散客
ORD10909,2024-10-27,15:50,红豆奶茶,中杯,15,1,15,微信,会员
ORD10910,2024-10-27,23:06,乌龙茶,中杯,11,2,22,现金,散客
ORD10911,2024-10-27,13:40,水果茶,中杯,19,1,19,微信,会员
ORD10912,2024-10-27,19:58,焦糖奶茶,中杯,16,1,16,支付宝,会员
ORD10913,2024-10-27,15:18,水果茶,中杯,19,1,19,支付宝,散客
ORD10914,2024-10-27,13:06,珍珠奶茶,小杯,15,1,15,支付宝,散客
ORD10915,2024-10-27,07:57,水果茶,中杯,19,1,19,微信,会员
ORD10916,2024-10-27,16:20,水果茶,大杯,21,1,21,微信,散客
ORD10917,2024-10-27,19:24,水果茶,大杯,21,1,21,微信,散客
ORD10918,2024-10-27,08:59,乌龙茶,中杯,11,1,11,微信,散客
ORD10919,2024-10-27,08:22,红豆奶茶,大杯,17,1,17,微信,散客
ORD10920,2024-10-27,10:07,焦糖奶茶,中杯,16,1,16,支付宝,会员
ORD10921,2024-10-27,10:10,乌龙茶,大杯,13,1,13,微信,会员
ORD10922,2024-10-27,12:33,焦糖奶茶,大杯,18,1,18,支付宝,会员
ORD10923,2024-10-27,17:47,水果茶,大杯,21,1,21,微信,散客
ORD10924,2024-10-27,14:09,乌龙茶,大杯,13,1,13,微信,散客
ORD10925,2024-10-27,17:32,珍珠奶茶,中杯,16,1,16,微信,散客
ORD10926,2024-10-27,19:28,焦糖奶茶,大杯,18,1,18,支付宝,散客
ORD10927,2024-10-27,12:13,布丁奶茶,中杯,17,1,17,支付宝,会员
ORD10928,2024-10-27,13:19,布丁奶茶,小杯,16,1,16,微信,散客
ORD10929,2024-10-27,22:29,布丁奶茶,小杯,16,1,16,支付宝,会员
ORD10930,2024-10-27,13:40,珍珠奶茶,小杯,15,1,15,支付宝,会员
ORD10931,2024-10-27,01:27,红豆奶茶,小杯,14,2,28,微信,散客
ORD10932,2024-10-27,18:05,乌龙茶,中杯,11,1,11,微信,散客
ORD10933,2024-10-27,16:56,珍珠奶茶,大杯,18,1,18,微信,会员
ORD10934,2024-10-27,11:41,茉莉绿茶,大杯,13,1,13,支付宝,会员
ORD10935,2024-10-27,10:34,柠檬茶,中杯,13,1,13,支付宝,散客
ORD10936,2024-10-27,16:48,水果茶,中杯,19,1,19,微信,散客
ORD10937,2024-10-27,09:04,抹茶拿铁,中杯,18,1,18,微信,散客
ORD10938,2024-10-28,17:43,茉莉绿茶,中杯,11,1,11,微信,散客
ORD10939,2024-10-28,16:56,柠檬茶,大杯,15,2,30,微信,会员
ORD10940,2024-10-28,20:18,柠檬茶,大杯,15,1,15,微信,会员
ORD10941,2024-10-28,08:13,茉莉绿茶,大杯,13,1,13,现金,散客
ORD10942,2024-10-28,08:22,芋圆奶茶,中杯,17,1,17,微信,会员
ORD10943,2024-10-28,01:51,水果茶,中杯,19,1,19,微信,散客
ORD10944,2024-10-28,10:37,茉莉绿茶,中杯,11,1,11,微信,散客
ORD10945,2024-10-28,10:50,红豆奶茶,大杯,17,1,17,现金,散客
ORD10946,2024-10-28,02:22,红豆奶茶,中杯,15,2,30,支付宝,会员
ORD10947,2024-10-28,14:11,布丁奶茶,小杯,16,1,16,支付宝,会员
ORD10948,2024-10-28,09:02,抹茶拿铁,大杯,20,1,20,微信,会员
ORD10949,2024-10-28,17:42,抹茶拿铁,中杯,18,1,18,微信,散客
ORD10950,2024-10-28,14:07,珍珠奶茶,中杯,16,2,32,支付宝,散客
ORD10951,2024-10-28,20:09,珍珠奶茶,小杯,15,1,15,微信,散客
ORD10952,2024-10-28,10:57,红豆奶茶,小杯,14,1,14,支付宝,散客
ORD10953,2024-10-28,20:21,柠檬茶,中杯,13,2,26,微信,散客
ORD10954,2024-10-28,10:25,乌龙茶,大杯,13,1,13,微信,会员
ORD10955,2024-10-28,15:37,茉莉绿茶,大杯,13,1,13,支付宝,会员
ORD10956,2024-10-28,05:54,焦糖奶茶,小杯,15,1,15,微信,散客
ORD10957,2024-10-28,08:20,乌龙茶,大杯,13,2,26,微信,会员
ORD10958,2024-10-28,19:23,芋圆奶茶,中杯,17,1,17,微信,会员
ORD10959,2024-10-28,13:35,柠檬茶,大杯,15,1,15,微信,散客
ORD10960,2024-10-28,19:18,布丁奶茶,小杯,16,3,48,微信,散客
ORD10961,2024-10-28,08:37,乌龙茶,大杯,13,1,13,微信,散客
ORD10962,2024-10-28,14:21,柠檬茶,中杯,13,1,13,微信,散客
ORD10963,2024-10-28,12:35,焦糖奶茶,小杯,15,1,15,支付宝,会员
ORD10964,2024-10-28,19:18,茉莉绿茶,中杯,11,1,11,支付宝,散客
ORD10965,2024-10-28,10:35,焦糖奶茶,大杯,18,1,18,微信,会员
ORD10966,2024-10-28,21:53,焦糖奶茶,大杯,18,1,18,支付宝,散客
ORD10967,2024-10-28,13:44,水果茶,大杯,21,1,21,微信,散客
ORD10968,2024-10-28,04:47,抹茶拿铁,中杯,18,1,18,支付宝,散客
ORD10969,2024-10-28,13:44,柠檬茶,中杯,13,1,13,微信,散客
ORD10970,2024-10-28,08:03,布丁奶茶,中杯,17,1,17,支付宝,会员
ORD10971,2024-10-28,03:23,芋圆奶茶,中杯,17,1,17,微信,散客
ORD10972,2024-10-28,04:12,布丁奶茶,大杯,19,1,19,微信,会员
ORD10973,2024-10-29,19:43,红豆奶茶,中杯,15,1,15,支付宝,会员
ORD10974,2024-10-29,14:52,布丁奶茶,大杯,19,1,19,微信,散客
ORD10975,2024-10-29,12:58,布丁奶茶,大杯,19,1,19,微信,散客
ORD10976,2024-10-29,18:35,乌龙茶,大杯,13,1,13,支付宝,会员
ORD10977,2024-10-29,08:01,焦糖奶茶,中杯,16,1,16,微信,散客
ORD10978,2024-10-29,20:38,茉莉绿茶,中杯,11,1,11,微信,散客
ORD10979,2024-10-29,07:08,布丁奶茶,小杯,16,1,16,微信,会员
ORD10980,2024-10-29,04:44,柠檬茶,大杯,15,1,15,微信,散客
ORD10981,2024-10-29,08:02,茉莉绿茶,大杯,13,1,13,支付宝,会员
ORD10982,2024-10-29,10:00,柠檬茶,大杯,15,2,30,微信,散客
ORD10983,2024-10-29,08:22,珍珠奶茶,大杯,18,1,18,支付宝,会员
ORD10984,2024-10-29,14:22,布丁奶茶,小杯,16,1,16,支付宝,散客
ORD10985,2024-10-29,04:52,乌龙茶,大杯,13,1,13,支付宝,散客
ORD10986,2024-10-29,08:48,茉莉绿茶,大杯,13,3,39,微信,会员
ORD10987,2024-10-29,13:45,焦糖奶茶,中杯,16,1,16,微信,散客
ORD10988,2024-10-29,06:53,抹茶拿铁,中杯,18,1,18,微信,散客
ORD10989,2024-10-29,18:20,柠檬茶,中杯,13,1,13,微信,散客
ORD10990,2024-10-29,16:35,珍珠奶茶,大杯,18,1,18,微信,会员
ORD10991,2024-10-29,14:19,焦糖奶茶,大杯,18,1,18,微信,散客
ORD10992,2024-10-29,08:04,焦糖奶茶,小杯,15,1,15,微信,散客
ORD10993,2024-10-29,15:25,焦糖奶茶,小杯,15,1,15,微信,会员
ORD10994,2024-10-29,12:37,柠檬茶,大杯,15,1,15,现金,会员
ORD10995,2024-10-29,14:25,柠檬茶,大杯,15,1,15,支付宝,会员
ORD10996,2024-10-29,17:37,乌龙茶,中杯,11,1,11,支付宝,散客
ORD10997,2024-10-29,11:42,乌龙茶,中杯,11,3,33,微信,会员
ORD10998,2024-10-29,13:07,红豆奶茶,中杯,15,1,15,支付宝,会员
ORD10999,2024-10-29,06:03,柠檬茶,中杯,13,1,13,现金,会员
ORD11000,2024-10-29,16:09,红豆奶茶,小杯,14,1,14,支付宝,散客
ORD11001,2024-10-29,13:31,焦糖奶茶,大杯,18,1,18,微信,散客
ORD11002,2024-10-29,14:51,茉莉绿茶,大杯,13,2,26,微信,散客
ORD11003,2024-10-30,11:20,芋圆奶茶,中杯,17,1,17,微信,散客
ORD11004,2024-10-30,19:19,布丁奶茶,中杯,17,1,17,微信,会员
ORD11005,2024-10-30,18:36,焦糖奶茶,小杯,15,1,15,微信,散客
ORD11006,2024-10-30,14:10,茉莉绿茶,大杯,13,1,13,微信,散客
ORD11007,2024-10-30,15:22,红豆奶茶,中杯,15,1,15,微信,会员
ORD11008,2024-10-30,11:51,乌龙茶,大杯,13,1,13,支付宝,会员
ORD11009,2024-10-30,12:22,芋圆奶茶,中杯,17,1,17,微信,会员
ORD11010,2024-10-30,10:05,柠檬茶,中杯,13,1,13,微信,散客
ORD11011,2024-10-30,02:42,芋圆奶茶,中杯,17,1,17,支付宝,散客
ORD11012,2024-10-30,23:24,乌龙茶,中杯,11,1,11,微信,散客
ORD11013,2024-10-30,16:13,抹茶拿铁,中杯,18,1,18,支付宝,会员
ORD11014,2024-10-30,15:23,芋圆奶茶,大杯,19,1,19,支付宝,散客
ORD11015,2024-10-30,19:34,水果茶,中杯,19,1,19,微信,散客
ORD11016,2024-10-30,19:39,柠檬茶,大杯,15,1,15,微信,散客
ORD11017,2024-10-30,14:27,水果茶,中杯,19,1,19,支付宝,会员
ORD11018,2024-10-30,19:27,茉莉绿茶,中杯,11,1,11,微信,散客
ORD11019,2024-10-30,13:48,茉莉绿茶,大杯,13,2,26,支付宝,散客
ORD11020,2024-10-30,08:31,水果茶,中杯,19,1,19,支付宝,散客
ORD11021,2024-10-30,19:58,芋圆奶茶,大杯,19,1,19,微信,会员
ORD11022,2024-10-30,08:43,红豆奶茶,中杯,15,1,15,支付宝,散客
ORD11023,2024-10-30,15:54,芋圆奶茶,中杯,17,1,17,支付宝,会员
ORD11024,2024-10-30,14:25,水果茶,大杯,21,1,21,微信,散客
ORD11025,2024-10-30,10:31,茉莉绿茶,中杯,11,1,11,支付宝,会员
